ma1,ma2,ma3,ma4,ma5,ma6
9.9375,11.0625,12.09375,5.5,4.15625,12.25
9.78125,10.4375,11.78125,5.96875,4.375,12.65625
10.03125,10.4375,12.71875,5.71875,4.375,11.71875
9.96875,10.90625,12.1875,5.6875,4.5625,11.6875
10.15625,11.40625,11.90625,5.53125,4.125,11.875
9.875,10.6875,12.25,5.6875,4.125,12.375
9.875,10.53125,12.0,6.1875,4.21875,12.1875
9.3125,10.8125,11.96875,5.96875,4.4375,12.5
10.03125,11.03125,11.8125,5.625,4.34375,12.15625
10.09375,10.71875,11.96875,5.84375,3.96875,12.40625
9.875,11.1875,11.96875,5.59375,4.21875,12.15625
9.5,10.9375,11.75,5.96875,4.15625,12.6875
9.9375,10.625,11.71875,5.9375,4.5,12.28125
9.75,10.65625,11.6875,5.75,4.4375,12.71875
9.625,11.0625,11.84375,5.875,4.25,12.34375
9.8125,11.0,11.625,5.875,4.25,12.4375
9.65625,10.96875,11.78125,5.6875,4.5,12.40625
10.09375,10.375,11.75,5.84375,4.4375,12.5
9.90625,10.3125,12.0,5.90625,4.1875,12.6875
10.03125,10.53125,11.71875,5.8125,4.625,12.28125
10.0625,10.65625,11.9375,5.65625,4.53125,12.15625
9.5,11.15625,12.28125,5.6875,4.34375,12.03125
10.125,11.375,11.78125,5.40625,4.09375,12.21875
10.40625,10.84375,11.78125,5.78125,4.25,11.9375
9.71875,11.53125,11.8125,5.65625,4.15625,12.125
10.25,10.90625,11.90625,5.6875,4.09375,12.15625
9.9375,11.03125,11.8125,5.625,4.15625,12.4375
10.21875,10.84375,11.75,5.625,4.25,12.3125
10.15625,10.3125,12.0,5.9375,4.25,12.34375
9.75,10.75,12.0625,5.78125,4.25,12.40625
10.125,10.53125,12.40625,6.0,4.09375,11.84375
9.65625,11.03125,11.5625,5.4375,4.3125,13.0
10.46875,10.6875,11.71875,5.9375,4.125,12.0625
9.875,10.4375,11.9375,5.96875,4.375,12.40625
10.15625,10.71875,11.40625,6.15625,4.28125,12.28125
10.0625,10.9375,11.65625,5.625,4.03125,12.6875
9.84375,10.90625,11.71875,6.0,4.125,12.40625
9.8125,11.125,11.875,5.5625,4.15625,12.46875
9.40625,10.8125,12.09375,6.28125,4.21875,12.1875
9.84375,11.09375,11.46875,5.8125,4.25,12.53125
9.96875,10.6875,12.09375,5.84375,4.25,12.15625
9.9375,10.875,11.90625,6.0,4.125,12.15625
9.65625,10.90625,11.625,5.96875,4.15625,12.6875
9.625,10.6875,12.21875,5.8125,4.375,12.28125
9.6875,10.625,11.21875,6.09375,4.3125,13.0625
10.03125,10.78125,12.125,5.90625,4.1875,11.96875
9.75,11.03125,12.0625,5.84375,4.09375,12.21875
9.34375,10.75,12.1875,6.375,4.1875,12.15625
9.65625,10.96875,12.3125,5.9375,4.40625,11.71875
9.75,10.96875,11.90625,5.75,4.0625,12.5625
10.125,11.40625,11.6875,5.375,4.15625,12.25
9.59375,11.125,12.0625,5.625,4.1875,12.40625
10.09375,10.9375,11.65625,5.71875,3.84375,12.75
9.5625,10.84375,11.71875,6.0625,4.25,12.5625
10.375,10.90625,11.40625,5.65625,3.96875,12.6875
9.78125,10.96875,11.8125,6.0,4.125,12.3125
9.875,10.6875,11.9375,5.71875,4.34375,12.4375
9.5,10.40625,11.9375,5.8125,4.34375,13.0
9.59375,10.78125,11.625,5.84375,4.53125,12.625
10.0625,11.375,11.96875,5.59375,3.90625,12.09375
10.1875,10.9375,12.125,5.71875,4.125,11.90625
9.5625,11.28125,11.78125,5.875,4.3125,12.1875
9.5,11.8125,11.3125,5.5,3.90625,12.96875
9.46875,11.375,12.28125,5.625,4.21875,12.03125
10.25,10.59375,11.875,6.25,3.875,12.15625
9.9375,10.65625,11.8125,5.625,4.28125,12.6875
9.3125,10.9375,12.03125,5.75,4.375,12.59375
9.71875,10.9375,12.15625,6.03125,4.03125,12.125
9.5,11.46875,11.65625,5.5625,4.1875,12.625
9.65625,11.03125,12.1875,5.84375,4.125,12.15625
10.6875,10.21875,11.90625,5.90625,4.4375,11.84375
10.0,11.25,12.1875,5.8125,3.9375,11.8125
9.5625,11.28125,11.71875,6.0625,4.28125,12.09375
10.0,10.71875,11.9375,5.6875,4.1875,12.46875
10.03125,11.0625,11.75,5.53125,4.25,12.375
9.75,11.0625,11.9375,6.0,4.15625,12.09375
9.71875,10.96875,11.9375,5.375,4.3125,12.6875
10.125,10.53125,11.9375,5.96875,4.25,12.1875
9.78125,11.40625,12.09375,5.71875,4.15625,11.84375
10.25,11.25,11.8125,5.1875,4.21875,12.28125
10.0,10.34375,12.25,5.9375,4.15625,12.3125
9.875,10.65625,11.875,6.28125,4.28125,12.03125
10.1875,10.5,11.875,6.125,4.0,12.3125
9.84375,11.03125,12.125,6.125,4.21875,11.65625
9.78125,10.40625,12.03125,5.8125,4.5625,12.40625
9.71875,10.875,12.0,5.84375,4.375,12.1875
9.65625,11.0,11.53125,6.03125,4.03125,12.75
10.0,10.875,12.09375,5.75,4.15625,12.125
9.71875,11.09375,11.53125,5.9375,4.15625,12.5625
10.0,10.90625,11.78125,6.0,4.0625,12.25
10.03125,10.90625,11.9375,5.84375,3.96875,12.3125
10.21875,11.125,12.34375,5.5625,3.96875,11.78125
9.40625,10.71875,12.375,6.28125,4.09375,12.125
9.6875,11.09375,12.03125,6.0625,4.09375,12.03125
9.5,11.3125,12.125,5.875,4.125,12.0625
9.78125,11.09375,11.6875,5.75,4.21875,12.46875
9.46875,10.75,12.1875,6.03125,4.21875,12.34375
9.84375,10.75,11.84375,5.6875,4.375,12.5
10.15625,10.6875,12.1875,5.5,4.3125,12.15625
10.0,10.78125,11.65625,6.09375,4.0,12.46875
9.84375,10.8125,12.34375,5.6875,4.21875,12.09375
9.34375,10.53125,12.40625,6.375,4.15625,12.1875
10.25,11.1875,12.0625,5.625,4.09375,11.78125
10.3125,10.59375,11.6875,6.1875,4.125,12.09375
10.0,11.0,11.78125,5.625,4.3125,12.28125
9.1875,11.03125,12.125,6.21875,4.15625,12.28125
10.09375,10.59375,11.65625,5.78125,4.25,12.625
9.25,11.03125,12.1875,5.9375,4.125,12.46875
9.78125,10.78125,11.875,5.59375,4.3125,12.65625
9.25,11.21875,12.03125,6.0625,4.34375,12.09375
9.84375,10.875,11.75,6.09375,4.1875,12.25
9.9375,10.8125,11.9375,5.8125,4.3125,12.1875
9.65625,10.09375,11.78125,6.0,4.28125,13.1875
9.625,11.15625,11.71875,5.875,4.125,12.5
9.625,10.5,12.0,6.03125,4.28125,12.5625
9.9375,11.1875,11.84375,5.75,4.21875,12.0625
10.25,10.5625,11.1875,6.09375,4.125,12.78125
10.15625,10.6875,11.71875,6.03125,3.875,12.53125
10.03125,10.65625,12.15625,5.78125,3.90625,12.46875
10.09375,10.625,12.59375,5.625,4.0,12.0625
9.5625,11.375,12.09375,5.40625,4.25,12.3125
10.0625,10.78125,11.46875,6.03125,4.03125,12.625
9.96875,10.625,11.9375,5.8125,4.34375,12.3125
10.03125,10.46875,11.5625,5.59375,4.40625,12.9375
9.96875,10.75,11.625,5.96875,4.25,12.4375
10.5,10.5625,11.5,5.71875,4.375,12.34375
10.0,11.21875,11.90625,5.875,4.03125,11.96875
9.9375,11.625,11.8125,5.3125,3.9375,12.375
9.625,11.5,11.8125,5.59375,4.15625,12.3125
10.0,10.75,11.375,6.28125,4.0625,12.53125
10.3125,10.34375,11.59375,5.875,4.375,12.5
10.09375,11.1875,12.0,5.75,3.9375,12.03125
9.84375,11.1875,11.71875,6.09375,4.09375,12.0625
9.875,11.0625,11.8125,6.03125,4.21875,12.0
9.96875,10.59375,12.46875,5.96875,4.1875,11.8125
9.6875,11.21875,11.6875,5.90625,4.09375,12.40625
10.28125,10.34375,11.28125,5.625,4.34375,13.125
9.8125,10.71875,11.875,6.0625,4.0,12.53125
9.28125,10.53125,12.0,6.40625,4.28125,12.5
9.75,11.1875,11.4375,5.6875,4.34375,12.59375
10.0,10.84375,12.15625,5.9375,4.0,12.0625
9.53125,10.8125,12.03125,6.03125,4.5625,12.03125
9.6875,10.75,11.6875,6.0625,4.3125,12.5
9.8125,10.65625,11.84375,6.125,3.875,12.6875
10.21875,11.03125,12.375,5.5,3.9375,11.9375
9.65625,11.0625,11.78125,5.84375,4.1875,12.46875
9.53125,10.53125,11.90625,5.875,4.34375,12.8125
10.0,11.28125,11.59375,5.46875,4.28125,12.375
9.8125,10.34375,11.65625,6.125,4.28125,12.78125
9.8125,10.9375,12.09375,5.65625,4.09375,12.40625
9.78125,11.3125,11.96875,5.6875,4.0,12.25
10.34375,10.8125,12.125,5.5625,4.1875,11.96875
10.15625,10.46875,11.9375,6.0625,4.03125,12.34375
9.8125,11.0,12.15625,5.71875,4.25,12.0625
10.21875,10.8125,11.71875,6.125,4.21875,11.90625
10.0625,10.59375,11.9375,5.75,4.3125,12.34375
9.875,10.59375,11.53125,6.15625,4.25,12.59375
9.59375,10.4375,11.96875,6.40625,4.34375,12.25
9.46875,10.90625,12.15625,6.0,3.96875,12.5
10.0,11.15625,11.78125,5.75,4.03125,12.28125
9.6875,10.46875,12.03125,6.0,4.25,12.5625
9.8125,10.5625,12.0625,5.9375,4.03125,12.59375
9.625,10.4375,12.3125,5.8125,4.4375,12.375
10.5,9.96875,11.96875,5.90625,4.3125,12.34375
9.46875,11.21875,12.125,5.8125,4.0625,12.3125
9.625,11.375,11.46875,5.8125,4.15625,12.5625
9.8125,11.125,11.71875,5.9375,3.9375,12.46875
9.8125,10.34375,11.875,6.15625,4.25,12.5625
9.875,10.75,11.84375,6.0625,4.28125,12.1875
9.84375,10.5,12.0,6.15625,4.21875,12.28125
9.875,10.375,11.78125,6.21875,4.09375,12.65625
10.3125,10.375,11.9375,5.9375,4.0,12.4375
9.875,10.90625,11.625,5.46875,4.125,13.0
9.84375,10.78125,11.625,5.84375,4.28125,12.625
9.46875,10.125,12.6875,6.34375,4.09375,12.28125
9.875,10.84375,11.8125,6.15625,4.1875,12.125
9.6875,11.53125,11.96875,5.8125,4.21875,11.78125
10.0625,10.875,11.875,5.875,3.90625,12.40625
9.8125,10.9375,12.0625,5.40625,4.21875,12.5625
9.875,10.40625,11.75,6.0,4.46875,12.5
9.9375,11.34375,11.75,5.84375,4.15625,11.96875
9.46875,10.90625,11.96875,6.1875,4.34375,12.125
9.59375,10.59375,12.28125,6.25,3.96875,12.3125
9.5,11.28125,11.875,5.875,4.40625,12.0625
9.9375,10.53125,11.8125,6.1875,4.4375,12.09375
9.59375,11.03125,11.65625,5.8125,4.15625,12.75
9.90625,10.6875,12.0625,5.84375,4.15625,12.34375
9.90625,10.6875,11.9375,5.75,4.09375,12.625
10.1875,10.0,12.28125,6.125,4.15625,12.25
10.0625,11.125,12.34375,6.0,3.90625,11.5625
10.0625,10.875,12.0625,5.6875,4.03125,12.28125
10.125,10.75,12.15625,5.71875,4.15625,12.09375
10.5,10.59375,11.65625,5.75,4.15625,12.34375
9.71875,10.875,11.75,6.03125,4.09375,12.53125
9.65625,11.3125,11.40625,5.84375,4.125,12.65625
9.78125,10.5,11.96875,5.875,4.28125,12.59375
10.03125,10.75,11.6875,6.1875,4.40625,11.9375
9.75,10.8125,11.9375,6.0625,4.5,11.9375
10.0625,11.15625,11.90625,5.34375,4.3125,12.21875
9.625,11.0,11.8125,5.84375,4.1875,12.53125
9.75,10.1875,12.5,6.4375,4.1875,11.9375
9.75,10.90625,11.59375,5.78125,4.09375,12.875
10.125,10.8125,12.34375,5.5625,4.1875,11.96875
10.3125,10.46875,11.625,5.84375,3.9375,12.8125
10.09375,10.96875,11.59375,5.625,4.0,12.71875
10.28125,11.15625,11.5,5.71875,4.21875,12.125
9.9375,10.75,12.15625,5.625,4.65625,11.875
9.8125,11.125,11.34375,6.125,4.28125,12.3125
10.03125,10.96875,11.59375,5.3125,4.28125,12.8125
9.53125,10.78125,11.9375,5.90625,4.25,12.59375
9.65625,10.5625,11.78125,6.1875,4.1875,12.625
10.28125,10.59375,11.46875,5.8125,4.375,12.46875
10.125,11.53125,11.6875,5.375,4.15625,12.125
10.28125,10.53125,11.84375,5.75,4.15625,12.4375
9.8125,10.71875,11.84375,6.15625,4.1875,12.28125
9.625,11.09375,11.75,5.59375,4.0625,12.875
9.5625,11.09375,12.15625,6.0,4.15625,12.03125
10.15625,10.75,11.65625,5.625,4.15625,12.65625
10.0,10.59375,12.0625,5.875,4.3125,12.15625
9.4375,10.84375,11.78125,6.0625,4.375,12.5
9.9375,10.90625,12.0625,5.65625,4.03125,12.40625
9.84375,10.625,11.75,5.78125,4.4375,12.5625
9.46875,10.875,12.0625,5.5625,4.40625,12.625
9.8125,10.84375,11.71875,5.59375,4.34375,12.6875
9.53125,11.21875,11.875,5.75,4.28125,12.34375
10.0625,10.53125,11.8125,6.0,4.125,12.46875
9.4375,10.8125,11.3125,6.03125,4.34375,13.0625
9.78125,11.09375,12.125,5.8125,4.09375,12.09375
10.09375,11.125,11.90625,5.875,4.03125,11.96875
10.0,10.6875,11.78125,5.90625,4.25,12.375
10.0,11.0625,11.96875,5.6875,4.0625,12.21875
10.40625,11.1875,11.875,5.1875,4.53125,11.8125
9.46875,11.21875,11.625,5.71875,4.5625,12.40625
10.28125,11.0625,11.34375,5.8125,4.34375,12.15625
9.71875,10.625,12.34375,6.3125,4.0625,11.9375
10.0,10.46875,12.03125,6.25,4.3125,11.9375
9.71875,10.875,11.84375,5.9375,4.0,12.625
9.375,10.96875,11.9375,5.96875,4.375,12.375
10.1875,10.375,12.09375,5.84375,4.125,12.375
9.65625,11.0,11.90625,6.0,3.96875,12.46875
9.375,10.65625,12.0,6.59375,4.0625,12.3125
9.78125,11.09375,11.84375,5.5625,4.21875,12.5
10.15625,10.75,11.9375,5.8125,4.34375,12.0
9.625,10.90625,12.03125,6.0625,4.15625,12.21875
10.15625,11.0,11.46875,5.84375,4.3125,12.21875
9.78125,11.28125,12.28125,6.09375,4.0625,11.5
10.03125,10.78125,11.46875,6.125,4.0,12.59375
9.4375,10.625,11.8125,6.21875,4.40625,12.5
9.46875,10.28125,12.0,6.1875,4.34375,12.71875
9.875,10.375,12.0625,6.28125,4.28125,12.125
9.84375,10.5,12.40625,5.625,4.125,12.5
9.78125,10.90625,12.125,5.75,4.375,12.0625
10.53125,10.75,12.0625,5.84375,4.0,11.8125
9.65625,10.6875,11.375,6.0625,4.28125,12.9375
9.90625,11.0625,12.0625,5.78125,4.09375,12.09375
10.0,10.65625,11.84375,5.96875,4.25,12.28125
10.0625,11.46875,12.53125,5.90625,3.90625,11.125
10.5,10.6875,12.1875,5.6875,4.15625,11.78125
9.78125,11.1875,11.25,5.84375,3.96875,12.96875
9.40625,10.5,12.15625,6.125,4.0625,12.75
10.03125,10.375,11.9375,5.9375,4.21875,12.5
10.3125,10.4375,12.15625,5.9375,4.40625,11.75
9.65625,10.8125,12.09375,5.875,4.34375,12.21875
10.5,10.9375,12.0625,5.78125,4.21875,11.5
9.90625,10.28125,12.1875,5.78125,4.1875,12.65625
9.90625,11.03125,12.03125,5.84375,3.90625,12.28125
9.75,10.75,12.03125,6.125,4.0625,12.28125
9.96875,10.78125,11.78125,5.96875,3.6875,12.8125
9.15625,11.15625,11.9375,6.28125,4.125,12.34375
9.875,10.84375,11.75,5.6875,4.1875,12.65625
9.78125,10.78125,11.71875,5.9375,4.03125,12.75
10.21875,10.34375,11.875,5.8125,4.5,12.25
10.5,10.90625,12.125,5.28125,4.375,11.8125
9.5625,10.96875,11.8125,5.78125,4.34375,12.53125
9.53125,10.71875,11.9375,5.53125,4.40625,12.875
9.71875,10.6875,12.46875,6.125,4.25,11.75
10.1875,10.6875,11.84375,6.0,4.15625,12.125
9.125,11.21875,11.6875,6.1875,4.25,12.53125
9.71875,10.5625,11.84375,6.03125,4.03125,12.8125
9.71875,10.4375,12.03125,6.375,4.0,12.4375
9.59375,11.25,12.1875,6.0,4.15625,11.8125
10.125,11.1875,12.125,5.71875,4.0,11.84375
9.59375,10.65625,12.0,5.5625,4.46875,12.71875
9.8125,10.71875,11.59375,5.9375,4.125,12.8125
10.1875,11.125,11.78125,5.9375,4.03125,11.9375
9.96875,10.75,11.875,5.875,4.28125,12.25
10.15625,10.75,12.28125,5.78125,3.96875,12.0625
10.0,11.0625,11.5625,5.71875,4.25,12.40625
9.78125,10.65625,11.875,6.25,4.28125,12.15625
9.65625,10.65625,12.03125,6.21875,4.375,12.0625
9.65625,11.40625,11.90625,5.28125,4.21875,12.53125
10.375,10.65625,12.21875,5.375,4.34375,12.03125
10.0,10.65625,11.6875,6.09375,4.1875,12.375
10.0625,11.25,11.78125,5.75,4.0,12.15625
9.84375,10.625,11.84375,6.03125,4.0,12.65625
9.625,11.53125,12.03125,5.625,4.125,12.0625
9.4375,10.75,12.375,6.15625,4.03125,12.25
10.3125,10.71875,11.75,5.875,4.03125,12.3125
9.8125,11.15625,12.09375,5.625,4.28125,12.03125
9.25,10.9375,12.34375,5.78125,4.46875,12.21875
9.5,11.0,12.4375,5.78125,4.125,12.15625
9.40625,11.28125,11.75,5.96875,4.25,12.34375
10.15625,10.8125,12.1875,5.84375,4.28125,11.71875
9.75,11.15625,11.78125,6.03125,3.90625,12.375
10.21875,10.875,11.8125,5.6875,4.25,12.15625
9.6875,11.0625,12.34375,5.625,4.3125,11.96875
10.375,10.75,11.96875,5.78125,4.09375,12.03125
9.65625,11.125,12.125,5.71875,3.96875,12.40625
9.40625,11.65625,11.75,5.4375,4.0,12.75
10.03125,10.84375,11.71875,5.5,4.25,12.65625
9.9375,11.0,11.40625,6.1875,3.9375,12.53125
10.21875,10.59375,11.78125,6.25,3.96875,12.1875
10.0625,10.84375,12.09375,5.46875,4.21875,12.3125
9.5625,10.875,12.5,5.8125,4.25,12.0
9.59375,10.59375,12.34375,5.84375,4.375,12.25
9.375,11.0,11.46875,6.1875,4.46875,12.5
9.875,10.875,12.3125,5.65625,4.3125,11.96875
9.8125,10.5625,11.40625,5.78125,4.34375,13.09375
9.78125,10.71875,12.09375,5.84375,4.125,12.4375
9.6875,10.6875,11.96875,6.3125,4.28125,12.0625
9.21875,10.90625,12.09375,5.96875,4.21875,12.59375
9.9375,10.75,11.4375,5.78125,4.5,12.59375
9.40625,11.03125,12.15625,5.875,4.0625,12.46875
9.78125,10.65625,11.96875,6.4375,4.34375,11.8125
9.90625,11.03125,11.75,5.65625,4.09375,12.5625
9.6875,10.4375,11.84375,6.15625,4.3125,12.5625
9.6875,11.0625,11.96875,5.75,4.28125,12.25
10.5,10.625,11.46875,5.6875,4.25,12.46875
9.84375,10.8125,12.0,6.125,3.9375,12.28125
10.0,11.28125,11.8125,5.4375,4.1875,12.28125
9.71875,11.4375,11.6875,5.5,4.0,12.65625
9.6875,11.21875,11.25,5.59375,4.6875,12.5625
9.78125,11.0,11.875,5.96875,4.34375,12.03125
10.21875,10.90625,11.4375,5.6875,4.125,12.625
9.875,10.96875,12.15625,5.375,4.46875,12.15625
10.15625,10.90625,12.0625,5.78125,4.25,11.84375
10.34375,10.4375,11.21875,6.125,4.34375,12.53125
9.65625,10.84375,12.03125,5.875,4.15625,12.4375
9.75,10.875,12.125,5.625,3.875,12.75
9.75,11.0625,11.375,5.96875,3.96875,12.875
9.65625,10.875,11.6875,6.0,4.25,12.53125
9.4375,11.03125,12.25,6.0,4.3125,11.96875
9.875,10.78125,12.40625,5.53125,4.09375,12.3125
9.75,11.09375,12.4375,5.40625,4.125,12.1875
9.65625,11.28125,11.65625,5.5625,4.15625,12.6875
9.90625,10.8125,11.90625,6.03125,4.3125,12.03125
9.4375,11.28125,12.125,5.75,3.90625,12.5
9.40625,10.9375,12.03125,5.96875,4.09375,12.5625
9.53125,10.625,12.21875,5.8125,4.09375,12.71875
9.625,10.96875,11.59375,5.8125,4.53125,12.46875
9.875,10.71875,11.71875,5.8125,4.625,12.25
9.6875,10.875,11.5,6.15625,4.3125,12.46875
9.28125,10.8125,12.40625,5.71875,4.375,12.40625
10.0625,10.75,11.9375,5.6875,4.5,12.0625
9.78125,11.03125,11.9375,5.84375,3.9375,12.46875
9.75,11.0,12.125,5.96875,4.21875,11.9375
10.1875,10.4375,12.21875,5.875,4.15625,12.125
9.6875,10.90625,12.03125,6.1875,4.25,11.9375
9.9375,10.84375,12.03125,5.71875,4.15625,12.3125
10.25,10.6875,11.96875,5.28125,3.96875,12.84375
10.125,10.8125,11.96875,5.78125,4.125,12.1875
9.75,10.75,11.625,5.96875,4.25,12.65625
9.71875,10.84375,12.0,6.0,4.09375,12.34375
9.71875,11.1875,11.53125,5.84375,4.34375,12.375
8.96875,11.5625,12.125,6.0,4.1875,12.15625
9.4375,11.15625,11.90625,5.34375,4.15625,13.0
9.84375,10.65625,12.09375,5.9375,4.3125,12.15625
9.71875,10.625,11.84375,6.21875,4.21875,12.375
9.65625,10.46875,12.0,6.21875,4.34375,12.3125
9.40625,10.90625,11.78125,5.6875,4.53125,12.6875
9.6875,10.625,12.125,5.9375,4.0,12.625
10.5625,10.4375,11.75,5.78125,4.53125,11.9375
9.65625,10.96875,12.0,6.03125,3.96875,12.375
9.75,10.90625,12.0,6.125,4.4375,11.78125
9.6875,11.03125,12.15625,5.71875,4.28125,12.125
10.09375,11.28125,12.0,5.78125,4.125,11.71875
9.90625,10.53125,12.21875,5.90625,4.09375,12.34375
9.71875,10.71875,11.65625,6.03125,4.25,12.625
9.6875,11.4375,12.0,5.5,4.40625,11.96875
9.53125,10.6875,11.8125,5.78125,4.5625,12.625
10.0,11.125,11.875,5.53125,4.21875,12.25
10.28125,10.78125,11.5625,5.875,4.03125,12.46875
9.4375,10.96875,11.1875,6.4375,4.5,12.46875
9.4375,10.84375,12.15625,6.0625,4.40625,12.09375
9.4375,11.59375,11.40625,5.53125,4.28125,12.75
9.28125,11.5625,11.9375,6.21875,4.0625,11.9375
9.75,10.78125,11.8125,6.1875,4.0625,12.40625
9.90625,11.5,11.9375,5.65625,4.09375,11.90625
10.0625,10.625,11.46875,6.1875,4.21875,12.4375
9.84375,11.125,11.8125,5.53125,4.21875,12.46875
9.875,10.8125,11.875,6.03125,4.1875,12.21875
10.0625,11.0,12.0,5.75,3.75,12.4375
9.65625,10.8125,12.0625,5.5625,4.375,12.53125
9.90625,11.125,11.9375,5.5625,4.125,12.34375
10.09375,10.53125,12.125,6.0625,4.1875,12.0
10.0625,10.8125,11.5625,5.90625,4.28125,12.375
9.5625,10.71875,11.78125,5.96875,4.28125,12.6875
9.75,10.875,11.96875,6.3125,3.90625,12.1875
9.71875,10.90625,12.65625,5.71875,4.03125,11.96875
10.09375,11.15625,11.90625,5.4375,4.1875,12.21875
10.09375,10.59375,12.0625,5.6875,4.1875,12.375
9.84375,10.15625,12.125,6.34375,4.09375,12.4375
9.5625,10.90625,12.125,5.8125,4.1875,12.40625
9.71875,11.125,11.9375,6.0,4.09375,12.125
9.8125,10.96875,11.8125,6.03125,4.28125,12.09375
9.40625,10.9375,12.0625,5.75,4.375,12.46875
9.78125,10.65625,11.625,6.09375,4.46875,12.375
9.53125,10.9375,11.78125,6.25,4.21875,12.28125
9.9375,10.625,12.15625,5.5,4.1875,12.59375
10.03125,10.96875,12.375,5.78125,3.78125,12.0625
9.90625,10.96875,12.15625,5.75,4.0625,12.15625
10.0625,10.78125,12.53125,5.59375,4.125,11.90625
9.75,10.625,12.0625,6.34375,4.4375,11.78125
9.21875,10.625,11.84375,6.375,4.4375,12.5
9.78125,10.40625,11.625,5.96875,4.15625,13.0625
9.90625,10.3125,12.21875,5.90625,4.25,12.40625
10.21875,11.28125,12.0,5.75,4.34375,11.40625
9.78125,10.75,11.96875,6.15625,4.21875,12.125
10.09375,11.03125,12.15625,5.6875,3.96875,12.0625
9.21875,10.9375,12.5,6.25,4.375,11.71875
10.40625,11.1875,11.59375,5.59375,3.96875,12.25
9.9375,10.78125,11.9375,6.0625,4.28125,12.0
9.5,10.75,11.875,5.9375,4.09375,12.84375
9.875,11.0,11.71875,5.75,4.3125,12.34375
9.8125,11.0625,12.0,5.59375,4.34375,12.1875
9.75,10.96875,11.53125,6.03125,4.21875,12.5
10.03125,11.125,11.6875,5.75,4.40625,12.0
9.15625,11.03125,11.90625,6.125,4.125,12.65625
10.0625,10.75,11.375,5.625,4.3125,12.875
9.75,11.0625,11.53125,6.09375,4.15625,12.40625
9.71875,10.875,11.84375,5.71875,4.4375,12.40625
9.65625,10.96875,12.125,5.84375,4.21875,12.1875
9.6875,10.90625,12.03125,5.53125,4.34375,12.5
9.65625,10.625,12.03125,5.71875,4.375,12.59375
9.875,10.78125,12.15625,6.125,4.0625,12.0
9.53125,11.1875,11.6875,5.84375,4.3125,12.4375
10.21875,10.28125,12.09375,6.0,4.0,12.40625
9.84375,11.3125,11.625,5.8125,4.28125,12.125
9.59375,11.03125,11.78125,5.78125,4.375,12.4375
9.75,10.34375,11.9375,6.0625,4.4375,12.46875
9.53125,10.65625,12.03125,6.09375,4.0625,12.625
9.8125,11.0625,12.0,5.5,4.09375,12.53125
10.09375,10.65625,11.9375,5.8125,4.21875,12.28125
9.4375,10.625,12.3125,6.0625,4.3125,12.25
10.09375,11.1875,12.21875,5.90625,4.09375,11.5
9.75,11.40625,12.34375,6.03125,4.0625,11.40625
9.625,11.21875,11.9375,5.96875,4.25,12.0
9.78125,11.125,11.875,5.8125,4.15625,12.25
10.03125,10.84375,11.5625,6.0,4.3125,12.25
9.90625,10.71875,11.53125,6.09375,4.25,12.5
9.6875,11.03125,11.84375,5.4375,4.1875,12.8125
9.9375,10.90625,11.8125,6.0,4.3125,12.03125
9.59375,11.03125,11.90625,5.90625,4.5,12.0625
10.15625,10.875,11.625,6.0625,4.1875,12.09375
9.625,10.90625,12.5,5.59375,4.3125,12.0625
9.46875,10.6875,11.84375,6.0,4.25,12.75
9.90625,10.96875,11.84375,5.375,4.09375,12.8125
9.625,11.125,12.375,5.65625,3.625,12.59375
9.9375,10.625,12.25,5.5625,4.40625,12.21875
9.375,10.8125,11.8125,5.71875,4.46875,12.8125
9.6875,11.28125,12.0,5.875,4.09375,12.0625
9.625,10.5,11.53125,6.1875,4.15625,13.0
9.65625,11.1875,11.875,6.28125,4.03125,11.96875
10.03125,10.6875,12.25,6.0625,4.40625,11.5625
10.03125,11.0625,11.84375,5.6875,4.1875,12.1875
9.46875,10.8125,12.4375,5.875,4.125,12.28125
9.25,11.15625,12.25,6.1875,4.125,12.03125
9.9375,10.84375,11.96875,6.15625,3.96875,12.125
10.09375,10.34375,11.46875,6.15625,4.1875,12.75
10.21875,11.0625,11.75,5.46875,3.9375,12.5625
9.375,11.34375,11.625,6.0625,4.125,12.46875
9.875,10.6875,12.15625,6.125,4.03125,12.125
9.90625,10.9375,12.03125,5.5,4.09375,12.53125
10.28125,10.78125,11.9375,5.75,4.0625,12.1875
9.96875,10.34375,12.34375,6.0,4.3125,12.03125
9.78125,11.0625,11.84375,5.84375,4.28125,12.1875
9.625,10.84375,11.6875,5.8125,4.46875,12.5625
10.21875,11.09375,11.71875,5.40625,4.25,12.3125
9.84375,10.6875,11.875,5.9375,4.3125,12.34375
10.625,10.4375,11.75,5.84375,4.21875,12.125
9.5,10.5625,11.625,6.03125,4.4375,12.84375
9.5625,11.0,12.375,5.8125,4.15625,12.09375
10.40625,11.28125,11.5,5.4375,4.25,12.125
10.53125,10.21875,11.625,5.90625,4.09375,12.625
9.46875,11.15625,12.09375,5.9375,4.25,12.09375
9.5,10.78125,11.78125,5.71875,4.28125,12.9375
10.40625,10.84375,12.0625,5.625,4.03125,12.03125
9.34375,10.6875,12.40625,5.90625,4.25,12.40625
9.59375,11.25,12.09375,5.625,4.03125,12.40625
10.21875,10.78125,11.5625,5.6875,4.25,12.5
9.9375,11.46875,11.8125,5.3125,4.0,12.46875
10.03125,11.21875,11.71875,5.96875,3.78125,12.28125
9.3125,10.875,12.1875,6.28125,4.15625,12.1875
9.65625,11.21875,11.6875,5.75,4.21875,12.46875
10.125,10.75,11.40625,6.40625,4.3125,12.0
9.625,10.78125,12.15625,5.75,4.03125,12.65625
9.3125,10.75,12.21875,6.21875,4.34375,12.15625
9.875,10.75,11.9375,5.875,4.25,12.3125
9.84375,10.4375,12.1875,6.15625,4.15625,12.21875
9.96875,10.65625,11.875,6.1875,4.1875,12.125
