ma1,ma2,ma3,ma4,ma5,ma6,ma7,ma8,ma9,ma10,ma11,ma12,ma13,ma14,ma15
23.59375,40.34375,12.875,15.34375,26.9375,18.09375,26.8125,11.9375,24.28125,34.3125,0.0,0.0,5.46875,0.0,0.0
21.4375,40.09375,13.0,15.34375,26.53125,19.59375,25.75,12.09375,24.8125,35.96875,0.0,0.0,5.375,0.0,0.0
23.0,38.125,13.53125,16.21875,26.9375,19.9375,24.4375,12.5625,24.4375,35.1875,0.0,0.0,5.625,0.0,0.0
20.625,39.28125,13.59375,15.59375,25.78125,20.0,25.53125,12.90625,24.5,36.78125,0.0,0.0,5.40625,0.0,0.0
22.625,38.6875,13.5,14.5625,27.46875,18.625,26.09375,12.875,25.15625,35.53125,0.0,0.0,4.875,0.0,0.0
21.0,38.625,13.40625,16.34375,27.09375,19.96875,26.15625,12.09375,25.15625,35.15625,0.0,0.0,5.0,0.0,0.0
22.71875,39.15625,12.9375,15.09375,27.8125,19.0,25.28125,12.625,24.25,35.28125,0.0,0.0,5.84375,0.0,0.0
21.375,39.25,13.8125,15.15625,27.875,19.09375,26.625,11.84375,24.0,36.34375,0.0,0.0,4.625,0.0,0.0
22.84375,38.4375,13.625,14.5625,27.0,19.5625,26.21875,12.46875,25.59375,34.6875,0.0,0.0,5.0,0.0,0.0
21.40625,38.90625,13.65625,15.34375,27.5,19.25,26.71875,11.875,24.5625,35.84375,0.0,0.0,4.9375,0.0,0.0
22.96875,38.09375,12.96875,15.59375,26.28125,18.71875,26.625,12.5625,25.34375,35.5,0.0,0.0,5.34375,0.0,0.0
21.1875,38.125,13.25,15.75,27.90625,18.84375,26.84375,11.875,25.4375,35.4375,0.0,0.0,5.34375,0.0,0.0
21.65625,39.625,14.375,14.21875,27.0625,19.5625,25.90625,12.40625,24.65625,35.34375,0.0,0.0,5.1875,0.0,0.0
23.0,39.78125,13.3125,15.03125,26.34375,17.90625,26.21875,12.53125,24.65625,36.15625,0.0,0.0,5.0625,0.0,0.0
21.625,40.0625,13.84375,14.84375,26.40625,19.5,26.3125,12.25,23.71875,36.125,0.0,0.0,5.3125,0.0,0.0
21.75,40.5,13.78125,15.90625,26.9375,18.375,24.75,12.90625,25.3125,34.28125,0.0,0.0,5.5,0.0,0.0
21.0,40.625,13.40625,14.96875,26.625,19.875,26.21875,12.375,24.34375,35.25,0.0,0.0,5.3125,0.0,0.0
22.5,39.625,13.78125,14.375,27.53125,18.9375,25.3125,12.4375,23.75,37.0,0.0,0.0,4.75,0.0,0.0
21.71875,39.25,13.21875,16.03125,26.9375,19.0625,26.09375,12.1875,24.6875,35.75,0.0,0.0,5.0625,0.0,0.0
21.25,39.3125,12.59375,14.375,28.125,18.9375,27.03125,12.4375,25.1875,35.21875,0.0,0.0,5.53125,0.0,0.0
22.28125,39.34375,13.03125,15.09375,26.65625,19.21875,26.09375,12.3125,24.28125,36.71875,0.0,0.0,4.96875,0.0,0.0
21.25,40.1875,13.4375,14.1875,27.40625,19.40625,26.71875,12.96875,23.96875,35.125,0.0,0.0,5.34375,0.0,0.0
22.09375,40.3125,13.15625,15.25,26.96875,19.0625,25.75,11.75,25.09375,35.34375,0.0,0.0,5.21875,0.0,0.0
20.46875,39.34375,13.1875,14.90625,27.6875,17.84375,26.65625,12.5,26.40625,35.90625,0.0,0.0,5.09375,0.0,0.0
22.0,39.21875,14.5,14.8125,26.4375,20.375,25.03125,12.34375,24.5625,35.78125,0.0,0.0,4.9375,0.0,0.0
23.03125,38.59375,13.625,15.625,26.09375,18.5,26.09375,12.84375,23.5625,36.5625,0.0,0.0,5.46875,0.0,0.0
21.09375,38.5,13.3125,15.875,26.9375,17.4375,29.15625,12.25,25.03125,35.25,0.0,0.0,5.15625,0.0,0.0
23.125,37.59375,14.09375,15.53125,26.28125,18.6875,26.3125,12.34375,25.125,35.4375,0.0,0.0,5.46875,0.0,0.0
21.84375,38.25,13.65625,14.78125,27.5625,18.59375,26.84375,11.96875,25.75,35.28125,0.0,0.0,5.46875,0.0,0.0
22.375,39.28125,14.125,14.5,26.90625,19.1875,25.59375,12.15625,24.84375,35.75,0.0,0.0,5.28125,0.0,0.0
21.40625,39.0625,13.4375,15.375,26.8125,18.5,27.40625,12.53125,24.53125,36.0,0.0,0.0,4.9375,0.0,0.0
22.125,38.53125,13.78125,15.03125,26.5625,19.625,26.71875,12.75,23.625,35.9375,0.0,0.0,5.3125,0.0,0.0
21.8125,39.3125,13.5,16.34375,26.65625,19.09375,26.0625,11.71875,24.53125,35.25,0.0,0.0,5.71875,0.0,0.0
22.75,38.84375,13.0625,15.59375,26.625,18.9375,26.40625,11.84375,24.5625,35.875,0.0,0.0,5.5,0.0,0.0
21.28125,38.59375,14.5,14.90625,27.9375,18.71875,26.53125,12.40625,25.34375,34.375,0.0,0.0,5.40625,0.0,0.0
23.25,39.375,13.65625,15.5625,25.75,18.6875,25.46875,12.09375,26.3125,34.59375,0.0,0.0,5.25,0.0,0.0
21.40625,39.0,12.8125,15.625,27.125,19.21875,26.0,12.15625,25.8125,35.5625,0.0,0.0,5.28125,0.0,0.0
19.90625,40.25,13.40625,15.625,27.03125,19.625,26.21875,12.21875,25.4375,34.875,0.0,0.0,5.40625,0.0,0.0
21.25,38.84375,12.96875,15.34375,27.0625,18.9375,26.53125,12.40625,25.125,36.09375,0.0,0.0,5.4375,0.0,0.0
23.125,40.0,12.0,15.5,27.28125,19.4375,26.9375,11.0,25.4375,34.3125,0.0,0.0,4.96875,0.0,0.0
23.4375,39.71875,13.0,14.65625,26.375,18.78125,26.59375,13.15625,23.9375,35.125,0.0,0.0,5.21875,0.0,0.0
22.0,38.0625,13.125,16.5,26.0,20.03125,26.5625,11.75,26.09375,34.59375,0.0,0.0,5.28125,0.0,0.0
21.75,39.53125,13.1875,16.375,26.28125,18.5625,26.34375,11.96875,23.8125,36.875,0.0,0.0,5.3125,0.0,0.0
21.65625,39.625,13.96875,15.03125,26.59375,19.0,26.625,12.5,24.78125,34.71875,0.0,0.0,5.5,0.0,0.0
21.6875,39.625,13.15625,15.65625,27.8125,19.25,26.375,11.90625,24.21875,35.09375,0.0,0.0,5.21875,0.0,0.0
22.0,39.96875,13.6875,15.65625,27.6875,18.46875,26.8125,11.53125,25.4375,33.59375,0.0,0.0,5.15625,0.0,0.0
22.34375,38.21875,13.375,15.0,27.0,18.84375,26.6875,12.15625,24.78125,35.96875,0.0,0.0,5.625,0.0,0.0
22.15625,38.6875,13.96875,16.0,26.59375,18.84375,26.28125,12.21875,24.65625,35.40625,0.0,0.0,5.1875,0.0,0.0
22.15625,39.15625,14.375,14.65625,25.90625,19.5,26.8125,11.875,25.625,35.03125,0.0,0.0,4.90625,0.0,0.0
23.03125,39.09375,13.3125,14.90625,26.78125,18.71875,26.375,12.21875,24.875,35.125,0.0,0.0,5.5625,0.0,0.0
21.875,39.8125,13.3125,15.59375,26.03125,18.53125,25.90625,11.875,24.65625,37.3125,0.0,0.0,5.09375,0.0,0.0
22.0625,38.8125,13.6875,14.125,27.5625,18.28125,27.3125,13.21875,26.84375,32.96875,0.0,0.0,5.125,0.0,0.0
21.1875,39.71875,12.28125,15.78125,27.59375,18.46875,26.96875,13.0625,26.125,33.40625,0.0,0.0,5.40625,0.0,0.0
23.5625,37.5625,13.6875,16.09375,26.28125,18.46875,25.8125,12.90625,23.90625,36.65625,0.0,0.0,5.0625,0.0,0.0
21.8125,38.96875,13.84375,15.5625,27.875,19.4375,25.40625,12.71875,24.84375,34.65625,0.0,0.0,4.875,0.0,0.0
22.21875,38.34375,14.0,15.5,26.96875,19.0625,26.375,12.40625,23.90625,36.375,0.0,0.0,4.84375,0.0,0.0
22.65625,38.09375,14.0625,15.375,27.5,19.75,25.75,11.8125,24.0,35.71875,0.0,0.0,5.28125,0.0,0.0
21.25,39.3125,13.25,15.3125,27.84375,18.28125,27.4375,12.0625,24.9375,34.71875,0.0,0.0,5.59375,0.0,0.0
21.71875,40.28125,13.9375,14.71875,27.21875,18.78125,26.875,11.21875,24.71875,35.1875,0.0,0.0,5.34375,0.0,0.0
23.0,37.96875,14.6875,15.15625,26.59375,19.1875,25.71875,11.9375,25.28125,35.34375,0.0,0.0,5.125,0.0,0.0
22.71875,38.96875,11.6875,16.0625,26.46875,19.0625,25.78125,11.6875,26.0625,35.75,0.0,0.0,5.75,0.0,0.0
20.75,38.96875,14.1875,16.3125,27.34375,18.5,26.21875,11.375,24.84375,36.0625,0.0,0.0,5.4375,0.0,0.0
22.28125,38.21875,12.84375,16.0625,27.84375,19.28125,26.1875,11.84375,24.875,35.34375,0.0,0.0,5.21875,0.0,0.0
21.6875,39.09375,13.28125,16.125,25.9375,18.53125,27.03125,11.625,25.03125,36.125,0.0,0.0,5.53125,0.0,0.0
21.78125,38.4375,13.78125,15.0,27.46875,19.09375,26.4375,12.0625,25.96875,34.40625,0.0,0.0,5.5625,0.0,0.0
21.375,38.84375,13.6875,16.375,27.0,18.9375,25.4375,12.0625,25.34375,35.59375,0.0,0.0,5.34375,0.0,0.0
22.875,38.84375,12.40625,15.125,27.1875,19.5625,24.46875,12.53125,24.8125,36.53125,0.0,0.0,5.65625,0.0,0.0
21.875,40.21875,13.46875,15.125,26.53125,19.8125,25.84375,12.3125,24.15625,35.25,0.0,0.0,5.40625,0.0,0.0
22.59375,39.5,13.3125,15.09375,26.875,18.71875,26.8125,12.28125,24.09375,35.0,0.0,0.0,5.71875,0.0,0.0
20.71875,39.875,13.75,15.28125,26.9375,17.8125,27.25,12.28125,25.28125,35.53125,0.0,0.0,5.28125,0.0,0.0
22.09375,39.875,13.34375,15.1875,26.75,18.46875,26.1875,11.875,25.65625,35.3125,0.0,0.0,5.25,0.0,0.0
21.75,38.84375,13.25,15.125,26.0625,19.59375,25.96875,11.84375,25.125,36.9375,0.0,0.0,5.5,0.0,0.0
22.21875,38.6875,13.125,15.84375,26.65625,19.59375,27.28125,12.15625,23.78125,35.4375,0.0,0.0,5.21875,0.0,0.0
22.625,40.09375,13.84375,15.1875,26.125,19.28125,26.4375,12.0625,23.875,35.375,0.0,0.0,5.09375,0.0,0.0
21.96875,38.5,13.53125,13.84375,26.96875,18.65625,26.6875,12.53125,24.96875,36.96875,0.0,0.0,5.375,0.0,0.0
22.4375,38.625,14.5625,15.25,27.09375,18.625,26.75,12.09375,24.28125,34.96875,0.0,0.0,5.3125,0.0,0.0
21.65625,40.0625,12.53125,15.96875,26.875,18.65625,26.15625,12.75,23.78125,35.875,0.0,0.0,5.6875,0.0,0.0
22.28125,39.53125,13.875,15.53125,26.59375,19.28125,26.375,11.8125,24.125,35.53125,0.0,0.0,5.0625,0.0,0.0
21.96875,39.5,13.71875,14.8125,27.3125,18.84375,25.9375,12.84375,25.0625,34.96875,0.0,0.0,5.03125,0.0,0.0
21.78125,39.53125,13.65625,15.0625,26.78125,18.71875,26.34375,12.3125,25.3125,34.90625,0.0,0.0,5.59375,0.0,0.0
21.6875,38.5625,14.59375,15.375,26.53125,18.8125,26.59375,12.21875,24.96875,35.4375,0.0,0.0,5.21875,0.0,0.0
20.8125,39.6875,13.40625,15.625,27.0,19.21875,26.3125,12.53125,25.09375,35.0625,0.0,0.0,5.25,0.0,0.0
22.125,40.90625,14.90625,14.71875,28.21875,18.65625,25.75,11.5,24.90625,33.53125,0.0,0.0,4.78125,0.0,0.0
22.125,38.90625,14.46875,16.0625,27.0,18.625,26.03125,11.71875,24.59375,34.90625,0.0,0.0,5.5625,0.0,0.0
22.0,38.78125,13.59375,15.125,26.90625,18.84375,27.15625,11.96875,25.09375,35.28125,0.0,0.0,5.25,0.0,0.0
22.21875,38.40625,13.46875,15.25,26.84375,18.9375,26.65625,12.84375,26.03125,34.375,0.0,0.0,4.96875,0.0,0.0
23.1875,38.625,13.90625,15.46875,26.6875,18.4375,26.65625,12.40625,24.3125,34.84375,0.0,0.0,5.46875,0.0,0.0
21.46875,38.34375,14.875,15.5,26.8125,18.96875,25.875,12.65625,25.28125,35.125,0.0,0.0,5.09375,0.0,0.0
21.625,38.21875,14.03125,15.53125,28.125,18.75,25.875,11.9375,25.40625,35.25,0.0,0.0,5.25,0.0,0.0
21.34375,40.125,13.96875,15.71875,25.84375,19.4375,25.6875,12.0,24.03125,36.125,0.0,0.0,5.71875,0.0,0.0
22.4375,37.46875,13.03125,16.375,27.34375,18.71875,27.25,12.71875,25.46875,33.96875,0.0,0.0,5.21875,0.0,0.0
21.875,39.875,12.71875,15.59375,26.8125,18.21875,26.40625,12.15625,24.1875,36.65625,0.0,0.0,5.5,0.0,0.0
21.4375,39.4375,12.40625,14.78125,26.59375,19.90625,27.96875,12.0,24.875,35.28125,0.0,0.0,5.3125,0.0,0.0
21.0,39.0,14.125,14.78125,26.34375,19.34375,27.0,11.84375,25.15625,35.9375,0.0,0.0,5.46875,0.0,0.0
21.53125,39.34375,13.875,15.53125,26.875,19.5625,25.875,11.75,24.3125,35.9375,0.0,0.0,5.40625,0.0,0.0
21.34375,39.0625,14.03125,14.9375,26.6875,19.0625,25.09375,12.65625,26.0625,35.75,0.0,0.0,5.3125,0.0,0.0
21.6875,40.0625,13.5625,15.9375,26.40625,20.625,25.90625,12.09375,24.09375,34.65625,0.0,0.0,4.96875,0.0,0.0
21.1875,39.125,13.03125,14.4375,27.0625,18.625,26.90625,12.28125,26.0625,35.90625,0.0,0.0,5.375,0.0,0.0
21.625,39.65625,14.09375,15.09375,27.0,18.46875,26.125,11.875,25.09375,35.8125,0.0,0.0,5.15625,0.0,0.0
22.0625,39.5625,13.15625,14.5625,26.9375,19.53125,26.4375,12.40625,25.09375,35.0625,0.0,0.0,5.1875,0.0,0.0
20.8125,40.3125,13.90625,15.4375,25.5625,18.8125,26.65625,11.21875,24.59375,37.125,0.0,0.0,5.5625,0.0,0.0
22.03125,39.96875,13.875,14.78125,26.96875,19.46875,27.28125,11.71875,25.4375,33.71875,0.0,0.0,4.75,0.0,0.0
22.9375,39.46875,12.90625,15.125,26.4375,18.90625,25.09375,11.375,25.6875,36.625,0.0,0.0,5.4375,0.0,0.0
22.0,38.09375,14.0,14.34375,27.21875,19.1875,26.5,12.34375,25.78125,35.46875,0.0,0.0,5.0625,0.0,0.0
21.4375,38.53125,13.03125,16.6875,27.65625,18.28125,27.34375,11.96875,24.375,34.875,0.0,0.0,5.8125,0.0,0.0
21.625,39.34375,13.65625,14.0,26.25,19.21875,26.875,13.40625,25.4375,34.90625,0.0,0.0,5.28125,0.0,0.0
21.5,39.09375,13.1875,15.8125,26.15625,18.03125,27.65625,12.25,24.96875,36.0,0.0,0.0,5.34375,0.0,0.0
22.375,38.84375,13.75,14.9375,27.90625,18.96875,26.125,11.75,24.84375,35.4375,0.0,0.0,5.0625,0.0,0.0
21.375,40.84375,13.0625,16.1875,27.03125,18.21875,26.5,11.96875,25.40625,33.625,0.0,0.0,5.78125,0.0,0.0
22.03125,39.78125,13.375,15.78125,26.4375,18.90625,26.25,11.5625,24.78125,35.8125,0.0,0.0,5.28125,0.0,0.0
21.78125,38.875,14.59375,14.75,28.0625,19.5,25.40625,12.46875,25.53125,34.0625,0.0,0.0,4.96875,0.0,0.0
22.65625,38.15625,13.375,15.6875,26.4375,19.96875,26.28125,12.0625,24.3125,35.53125,0.0,0.0,5.53125,0.0,0.0
22.375,38.84375,13.125,16.09375,25.875,19.375,26.96875,11.59375,24.8125,36.125,0.0,0.0,4.8125,0.0,0.0
21.28125,40.78125,13.59375,15.5,27.03125,18.59375,25.0,12.21875,24.4375,36.15625,0.0,0.0,5.40625,0.0,0.0
20.75,39.03125,13.25,16.34375,26.53125,19.5625,25.59375,11.25,26.09375,36.15625,0.0,0.0,5.4375,0.0,0.0
21.71875,38.03125,14.0,14.8125,26.875,18.375,26.875,11.96875,25.9375,35.84375,0.0,0.0,5.5625,0.0,0.0
21.46875,38.9375,13.75,14.9375,26.34375,19.15625,26.1875,12.78125,24.1875,37.09375,0.0,0.0,5.15625,0.0,0.0
20.9375,39.375,13.4375,16.46875,26.625,19.65625,25.28125,12.03125,24.625,36.375,0.0,0.0,5.1875,0.0,0.0
22.78125,38.4375,13.53125,15.75,26.6875,19.3125,26.0,11.71875,24.875,35.96875,0.0,0.0,4.9375,0.0,0.0
22.59375,38.96875,13.15625,15.40625,26.5,19.46875,25.90625,11.875,25.375,35.6875,0.0,0.0,5.0625,0.0,0.0
20.34375,40.1875,13.71875,15.5625,26.1875,18.5625,27.6875,12.6875,24.625,34.71875,0.0,0.0,5.71875,0.0,0.0
21.46875,39.90625,13.28125,15.03125,26.3125,19.03125,26.3125,12.84375,24.53125,35.4375,0.0,0.0,5.84375,0.0,0.0
21.5,40.09375,13.96875,14.84375,25.75,19.15625,26.875,11.84375,26.3125,34.375,0.0,0.0,5.28125,0.0,0.0
22.1875,39.65625,12.3125,15.875,27.40625,19.5,25.40625,11.8125,24.9375,35.21875,0.0,0.0,5.6875,0.0,0.0
21.0,41.15625,14.4375,14.4375,26.59375,18.84375,27.71875,11.96875,23.59375,35.21875,0.0,0.0,5.03125,0.0,0.0
20.59375,39.21875,14.03125,15.09375,28.0,18.28125,26.59375,12.75,25.4375,34.1875,0.0,0.0,5.8125,0.0,0.0
21.65625,38.4375,13.8125,16.5,27.6875,19.875,25.6875,11.59375,24.875,34.34375,0.0,0.0,5.53125,0.0,0.0
21.125,38.9375,13.8125,14.96875,27.34375,18.71875,27.0,12.65625,25.0,35.53125,0.0,0.0,4.90625,0.0,0.0
21.4375,39.46875,14.25,15.09375,26.9375,18.53125,26.28125,12.25,24.5625,35.5,0.0,0.0,5.6875,0.0,0.0
22.46875,39.5625,14.375,16.3125,26.4375,18.375,25.53125,11.0,24.375,36.5,0.0,0.0,5.0625,0.0,0.0
21.34375,38.5625,14.625,15.0625,27.15625,18.625,25.5625,12.96875,24.78125,36.40625,0.0,0.0,4.90625,0.0,0.0
23.09375,38.84375,12.65625,14.3125,26.96875,19.1875,25.53125,12.03125,25.8125,36.3125,0.0,0.0,5.25,0.0,0.0
21.5625,39.625,12.75,15.0625,25.96875,19.5,27.15625,11.03125,25.40625,35.9375,0.0,0.0,6.0,0.0,0.0
22.03125,40.0625,12.90625,15.0,26.9375,19.21875,26.3125,12.84375,24.59375,35.09375,0.0,0.0,5.0,0.0,0.0
21.875,38.875,13.5625,16.34375,26.125,20.09375,25.84375,12.9375,23.78125,35.59375,0.0,0.0,4.96875,0.0,0.0
21.78125,38.28125,13.28125,15.65625,27.625,19.34375,25.84375,11.875,25.40625,35.59375,0.0,0.0,5.3125,0.0,0.0
21.3125,38.0625,14.0625,17.09375,26.375,20.15625,25.09375,11.46875,25.5625,35.625,0.0,0.0,5.1875,0.0,0.0
21.59375,39.84375,13.90625,15.65625,26.0625,18.125,25.375,11.84375,24.84375,37.34375,0.0,0.0,5.40625,0.0,0.0
23.53125,38.75,13.65625,14.875,26.53125,18.5625,26.1875,12.84375,24.1875,35.625,0.0,0.0,5.25,0.0,0.0
21.25,38.0,12.78125,15.875,26.5625,19.1875,26.96875,11.90625,25.15625,36.8125,0.0,0.0,5.5,0.0,0.0
21.59375,40.0,13.46875,14.625,27.75,19.625,26.40625,11.8125,24.1875,35.0625,0.0,0.0,5.46875,0.0,0.0
22.46875,37.875,14.28125,16.1875,26.59375,18.625,25.8125,11.84375,24.96875,35.90625,0.0,0.0,5.4375,0.0,0.0
23.09375,38.46875,13.25,15.59375,26.875,19.46875,25.6875,11.96875,24.375,36.28125,0.0,0.0,4.9375,0.0,0.0
21.9375,38.875,12.8125,15.25,26.875,18.9375,26.71875,12.34375,26.0625,35.28125,0.0,0.0,4.90625,0.0,0.0
21.28125,40.875,13.9375,14.71875,26.03125,18.8125,26.46875,12.15625,25.53125,34.46875,0.0,0.0,5.71875,0.0,0.0
20.90625,39.40625,13.71875,15.0625,27.75,18.9375,27.15625,11.65625,25.65625,34.28125,0.0,0.0,5.46875,0.0,0.0
21.09375,38.625,14.46875,15.40625,26.375,19.21875,26.96875,11.4375,25.53125,35.65625,0.0,0.0,5.21875,0.0,0.0
20.96875,39.0,12.875,16.9375,26.8125,18.78125,26.0,11.65625,25.875,35.5,0.0,0.0,5.59375,0.0,0.0
22.53125,37.84375,14.09375,15.90625,26.875,18.96875,25.9375,11.96875,25.25,35.375,0.0,0.0,5.25,0.0,0.0
22.40625,38.4375,12.78125,15.96875,28.0,18.84375,25.21875,11.8125,26.40625,34.78125,0.0,0.0,5.34375,0.0,0.0
21.53125,39.46875,14.21875,14.3125,26.65625,18.75,26.9375,12.34375,24.78125,35.59375,0.0,0.0,5.40625,0.0,0.0
21.875,39.84375,13.46875,14.84375,27.90625,18.84375,26.0625,12.09375,24.84375,35.03125,0.0,0.0,5.1875,0.0,0.0
21.125,39.59375,13.53125,14.53125,27.34375,18.34375,27.28125,11.6875,26.0,35.4375,0.0,0.0,5.125,0.0,0.0
22.875,39.40625,12.78125,15.21875,27.09375,20.0,26.09375,11.8125,25.09375,34.53125,0.0,0.0,5.09375,0.0,0.0
22.9375,38.84375,13.8125,15.03125,27.1875,18.8125,26.78125,11.46875,25.34375,34.6875,0.0,0.0,5.09375,0.0,0.0
20.65625,39.71875,13.90625,15.78125,27.0625,19.9375,26.375,11.5,25.96875,34.125,0.0,0.0,4.96875,0.0,0.0
22.90625,39.125,12.9375,15.75,25.90625,19.375,25.53125,12.5625,24.9375,35.84375,0.0,0.0,5.125,0.0,0.0
22.28125,39.59375,13.8125,14.4375,25.8125,18.59375,27.28125,12.28125,26.40625,34.21875,0.0,0.0,5.28125,0.0,0.0
22.21875,38.78125,12.125,14.6875,27.1875,18.65625,26.6875,11.8125,26.21875,36.125,0.0,0.0,5.5,0.0,0.0
22.15625,39.75,13.1875,15.125,27.53125,18.15625,26.65625,12.375,23.96875,35.9375,0.0,0.0,5.15625,0.0,0.0
23.0,38.03125,13.6875,14.375,27.1875,19.21875,26.4375,12.375,25.4375,35.5625,0.0,0.0,4.6875,0.0,0.0
21.71875,39.375,13.59375,14.34375,27.34375,18.75,28.09375,12.28125,23.65625,35.53125,0.0,0.0,5.3125,0.0,0.0
21.09375,39.5,14.03125,14.53125,26.59375,18.34375,26.65625,13.34375,24.96875,36.0,0.0,0.0,4.9375,0.0,0.0
20.9375,39.75,13.53125,15.4375,27.53125,18.53125,27.375,12.90625,24.3125,34.40625,0.0,0.0,5.28125,0.0,0.0
21.8125,38.96875,14.0625,14.59375,28.3125,19.1875,25.46875,13.5,24.0625,34.78125,0.0,0.0,5.25,0.0,0.0
20.96875,39.25,13.59375,15.71875,26.75,18.625,26.65625,11.8125,26.21875,34.875,0.0,0.0,5.53125,0.0,0.0
21.40625,38.9375,15.375,15.25,26.84375,18.3125,26.71875,12.09375,24.8125,34.84375,0.0,0.0,5.40625,0.0,0.0
22.25,38.8125,13.78125,16.78125,26.25,18.8125,27.03125,11.5625,24.125,35.15625,0.0,0.0,5.4375,0.0,0.0
21.8125,39.46875,14.1875,15.09375,26.71875,19.71875,26.4375,12.84375,24.5,34.34375,0.0,0.0,4.875,0.0,0.0
23.34375,37.78125,12.9375,15.0,26.15625,19.6875,25.5,12.65625,25.3125,36.375,0.0,0.0,5.25,0.0,0.0
20.65625,41.0625,13.3125,15.25,26.09375,18.4375,26.59375,12.0,25.65625,35.53125,0.0,0.0,5.40625,0.0,0.0
22.28125,39.90625,13.9375,15.125,26.90625,18.5625,26.90625,11.21875,24.6875,35.40625,0.0,0.0,5.0625,0.0,0.0
22.15625,40.0,13.65625,14.25,27.0625,19.0625,26.1875,11.78125,25.5625,35.3125,0.0,0.0,4.96875,0.0,0.0
23.375,39.3125,14.125,14.15625,26.03125,19.125,26.03125,12.84375,23.75,35.53125,0.0,0.0,5.71875,0.0,0.0
21.03125,39.625,13.03125,14.15625,28.28125,17.71875,26.59375,12.6875,25.15625,36.40625,0.0,0.0,5.3125,0.0,0.0
22.40625,39.875,13.84375,15.40625,26.0625,19.6875,26.1875,12.0,23.65625,35.75,0.0,0.0,5.125,0.0,0.0
21.09375,39.71875,12.46875,15.75,26.09375,18.90625,26.6875,12.4375,25.0625,36.0625,0.0,0.0,5.71875,0.0,0.0
21.625,38.8125,13.46875,15.84375,26.84375,19.875,26.53125,12.40625,23.75,35.6875,0.0,0.0,5.15625,0.0,0.0
22.1875,39.5,12.625,15.71875,26.71875,18.96875,26.21875,11.84375,24.375,36.0625,0.0,0.0,5.78125,0.0,0.0
21.4375,39.65625,13.46875,15.0625,26.71875,19.3125,26.125,12.5625,24.65625,35.25,0.0,0.0,5.75,0.0,0.0
21.8125,38.0,14.875,15.375,27.0,19.78125,25.3125,12.34375,24.625,35.65625,0.0,0.0,5.21875,0.0,0.0
21.96875,39.21875,13.625,15.21875,26.96875,19.125,25.40625,12.625,26.0,34.53125,0.0,0.0,5.3125,0.0,0.0
22.40625,39.03125,13.875,16.21875,25.9375,19.65625,26.9375,11.6875,23.53125,35.9375,0.0,0.0,4.78125,0.0,0.0
22.1875,39.40625,13.5625,15.375,26.96875,18.65625,26.65625,12.28125,23.34375,36.0625,0.0,0.0,5.5,0.0,0.0
21.59375,38.78125,13.96875,14.21875,28.09375,19.90625,25.84375,12.5625,25.3125,34.6875,0.0,0.0,5.03125,0.0,0.0
22.34375,37.90625,14.71875,15.71875,27.59375,18.96875,26.21875,12.0625,24.21875,34.84375,0.0,0.0,5.40625,0.0,0.0
22.125,38.46875,14.0,14.40625,27.125,19.8125,26.25,12.46875,25.03125,34.71875,0.0,0.0,5.59375,0.0,0.0
22.5625,40.21875,13.4375,14.75,26.1875,18.625,25.71875,13.21875,24.90625,34.875,0.0,0.0,5.5,0.0,0.0
21.5625,40.90625,14.0625,15.96875,25.46875,19.125,25.5625,12.375,24.34375,35.5,0.0,0.0,5.125,0.0,0.0
22.5,38.15625,13.96875,15.40625,26.46875,19.46875,25.75,12.34375,24.125,35.9375,0.0,0.0,5.875,0.0,0.0
22.0,39.1875,13.09375,16.09375,26.65625,18.8125,26.875,12.15625,25.375,34.34375,0.0,0.0,5.40625,0.0,0.0
20.53125,39.6875,14.03125,16.71875,26.71875,19.21875,25.03125,11.75,24.15625,37.0,0.0,0.0,5.15625,0.0,0.0
21.5,39.875,12.625,14.75,27.5625,19.25,25.90625,12.96875,23.78125,36.25,0.0,0.0,5.53125,0.0,0.0
23.40625,39.34375,13.5,13.6875,27.59375,18.5,26.0,12.75,24.46875,35.90625,0.0,0.0,4.84375,0.0,0.0
22.375,39.21875,13.84375,16.0,27.90625,19.5625,25.5625,11.84375,24.03125,34.46875,0.0,0.0,5.1875,0.0,0.0
22.34375,39.15625,12.90625,15.625,26.875,18.78125,25.96875,12.5,25.625,34.6875,0.0,0.0,5.53125,0.0,0.0
22.625,38.90625,12.9375,15.53125,27.96875,18.375,25.78125,12.09375,25.46875,35.3125,0.0,0.0,5.0,0.0,0.0
21.625,40.40625,13.5,14.6875,27.0625,18.96875,26.09375,12.8125,25.34375,34.53125,0.0,0.0,4.96875,0.0,0.0
23.0,38.5,13.75,14.75,26.65625,18.0,25.40625,12.375,25.90625,36.53125,0.0,0.0,5.125,0.0,0.0
23.5,39.4375,13.03125,14.46875,27.09375,18.375,26.28125,12.1875,24.40625,35.84375,0.0,0.0,5.375,0.0,0.0
22.84375,37.3125,14.71875,16.0,26.0,20.0625,26.59375,11.8125,24.90625,34.875,0.0,0.0,4.875,0.0,0.0
21.8125,39.0,13.84375,14.75,27.75,19.0625,26.90625,11.65625,25.5625,34.5,0.0,0.0,5.15625,0.0,0.0
21.53125,40.28125,13.625,14.90625,27.25,18.90625,25.53125,12.375,24.5,35.28125,0.0,0.0,5.8125,0.0,0.0
20.96875,38.53125,13.4375,16.8125,26.71875,18.78125,26.3125,12.0625,25.21875,35.625,0.0,0.0,5.53125,0.0,0.0
22.09375,39.3125,13.59375,16.15625,26.78125,18.90625,26.125,11.875,24.84375,35.28125,0.0,0.0,5.03125,0.0,0.0
21.6875,39.90625,12.4375,14.78125,27.21875,19.28125,26.75,12.75,25.40625,34.5,0.0,0.0,5.28125,0.0,0.0
23.125,38.25,13.125,15.6875,25.84375,18.65625,26.21875,12.78125,24.6875,35.96875,0.0,0.0,5.65625,0.0,0.0
20.90625,39.34375,14.15625,16.46875,26.90625,18.5,26.03125,11.875,25.5,35.0625,0.0,0.0,5.25,0.0,0.0
22.40625,38.40625,13.5,16.15625,27.09375,19.5625,26.03125,11.65625,24.75,35.125,0.0,0.0,5.3125,0.0,0.0
21.96875,39.5,12.375,16.71875,25.9375,19.53125,26.3125,11.3125,24.84375,35.59375,0.0,0.0,5.90625,0.0,0.0
21.5,39.375,14.03125,14.5,25.96875,19.59375,26.40625,12.65625,25.71875,34.5,0.0,0.0,5.75,0.0,0.0
23.46875,38.46875,13.625,15.25,26.28125,18.0,27.0,12.375,24.3125,35.3125,0.0,0.0,5.90625,0.0,0.0
22.4375,38.40625,13.90625,15.84375,27.15625,18.71875,26.53125,12.34375,23.875,35.59375,0.0,0.0,5.1875,0.0,0.0
22.21875,40.03125,12.03125,15.625,26.09375,18.6875,26.25,13.0,24.625,36.03125,0.0,0.0,5.40625,0.0,0.0
22.21875,39.4375,13.34375,14.96875,27.09375,19.4375,27.1875,11.71875,24.5,35.15625,0.0,0.0,4.9375,0.0,0.0
22.8125,39.4375,13.5,14.875,27.40625,18.46875,26.6875,12.28125,25.5,33.9375,0.0,0.0,5.09375,0.0,0.0
22.34375,39.15625,13.5,15.84375,26.96875,18.96875,25.84375,11.625,25.125,34.96875,0.0,0.0,5.65625,0.0,0.0
22.0625,39.59375,14.34375,15.15625,26.34375,19.03125,26.65625,12.59375,23.75,35.4375,0.0,0.0,5.03125,0.0,0.0
23.1875,39.0625,12.84375,15.15625,27.71875,18.5625,26.90625,12.875,23.40625,35.59375,0.0,0.0,4.6875,0.0,0.0
21.25,38.6875,13.625,15.78125,27.3125,19.15625,26.40625,12.3125,23.96875,36.25,0.0,0.0,5.25,0.0,0.0
21.15625,40.15625,14.25,15.9375,27.09375,18.34375,25.625,12.65625,25.0,34.09375,0.0,0.0,5.6875,0.0,0.0
21.8125,39.625,14.34375,15.03125,27.71875,19.15625,25.1875,11.84375,25.4375,34.46875,0.0,0.0,5.375,0.0,0.0
22.46875,40.40625,13.59375,14.65625,26.53125,18.1875,26.78125,11.625,24.1875,36.375,0.0,0.0,5.1875,0.0,0.0
21.375,39.21875,13.375,15.5625,28.84375,18.5,25.15625,11.65625,25.21875,35.84375,0.0,0.0,5.25,0.0,0.0
20.5625,39.8125,14.0625,15.34375,26.375,18.71875,26.0625,12.34375,24.625,36.375,0.0,0.0,5.71875,0.0,0.0
20.34375,38.625,13.15625,15.25,27.5,18.96875,26.65625,11.78125,25.78125,36.75,0.0,0.0,5.1875,0.0,0.0
23.125,38.90625,12.75,15.875,27.75,19.15625,27.15625,11.0,23.5625,35.625,0.0,0.0,5.09375,0.0,0.0
19.9375,40.0625,12.15625,15.09375,27.78125,18.75,26.59375,12.5,25.96875,35.71875,0.0,0.0,5.4375,0.0,0.0
21.65625,39.28125,13.28125,15.03125,27.15625,19.8125,26.40625,12.59375,24.4375,35.5625,0.0,0.0,4.78125,0.0,0.0
22.09375,37.5625,13.375,14.59375,27.46875,19.96875,26.59375,12.125,26.21875,34.53125,0.0,0.0,5.46875,0.0,0.0
22.46875,37.0625,13.71875,15.59375,26.84375,19.65625,26.59375,11.75,25.4375,35.34375,0.0,0.0,5.53125,0.0,0.0
22.4375,39.90625,13.5,15.65625,27.34375,19.6875,24.21875,11.75,24.625,35.71875,0.0,0.0,5.15625,0.0,0.0
22.40625,37.78125,12.65625,15.0625,25.9375,19.65625,26.03125,13.0625,25.875,36.125,0.0,0.0,5.40625,0.0,0.0
23.40625,38.71875,13.46875,15.03125,26.875,19.0625,26.28125,12.0,23.75,36.25,0.0,0.0,5.15625,0.0,0.0
21.90625,39.46875,13.71875,14.9375,27.0,18.96875,26.0625,12.65625,25.125,34.625,0.0,0.0,5.53125,0.0,0.0
22.53125,40.15625,12.78125,14.75,26.6875,18.65625,25.09375,12.28125,25.03125,36.21875,0.0,0.0,5.8125,0.0,0.0
22.15625,39.1875,13.21875,16.125,27.9375,18.75,25.28125,11.71875,25.65625,35.1875,0.0,0.0,4.78125,0.0,0.0
20.875,40.1875,12.875,15.34375,27.84375,18.96875,26.40625,11.75,24.9375,35.375,0.0,0.0,5.4375,0.0,0.0
22.03125,38.5,13.46875,15.625,27.3125,19.5,26.65625,12.3125,25.5,34.03125,0.0,0.0,5.0625,0.0,0.0
21.0,38.4375,13.5,14.53125,27.21875,19.28125,27.1875,11.75,25.46875,36.03125,0.0,0.0,5.59375,0.0,0.0
22.03125,40.125,12.90625,15.3125,27.21875,19.0625,26.125,11.59375,24.71875,35.90625,0.0,0.0,5.0,0.0,0.0
21.5625,40.625,13.4375,14.09375,27.59375,18.65625,25.8125,12.125,25.625,35.59375,0.0,0.0,4.875,0.0,0.0
22.0,39.4375,13.71875,15.0,26.84375,19.25,26.0625,12.0625,25.4375,35.15625,0.0,0.0,5.03125,0.0,0.0
21.09375,39.6875,13.96875,14.75,26.75,18.84375,27.0625,12.21875,25.1875,34.8125,0.0,0.0,5.625,0.0,0.0
21.3125,39.3125,14.09375,15.5625,26.625,19.0,25.21875,12.5625,24.5,36.40625,0.0,0.0,5.40625,0.0,0.0
21.875,40.5,13.0,15.6875,27.03125,18.96875,25.5625,11.75,24.125,35.9375,0.0,0.0,5.5625,0.0,0.0
22.09375,39.375,13.8125,14.5,26.8125,17.8125,27.3125,12.1875,24.59375,36.15625,0.0,0.0,5.34375,0.0,0.0
22.09375,38.96875,12.78125,14.96875,27.90625,19.96875,25.15625,12.125,24.84375,35.3125,0.0,0.0,5.875,0.0,0.0
21.46875,38.4375,14.34375,15.96875,26.875,18.71875,26.75,11.78125,24.84375,35.84375,0.0,0.0,4.96875,0.0,0.0
21.59375,38.90625,13.59375,15.96875,26.1875,18.75,25.46875,11.9375,25.375,36.9375,0.0,0.0,5.28125,0.0,0.0
22.375,38.96875,12.90625,15.46875,26.84375,18.96875,25.6875,12.96875,25.59375,34.78125,0.0,0.0,5.4375,0.0,0.0
22.96875,38.96875,14.46875,15.4375,26.6875,19.84375,25.4375,11.71875,24.4375,34.625,0.0,0.0,5.40625,0.0,0.0
22.5625,37.375,13.3125,16.21875,27.28125,19.0625,25.625,12.625,24.78125,35.84375,0.0,0.0,5.3125,0.0,0.0
21.875,39.875,14.4375,14.5625,25.90625,19.96875,26.53125,12.03125,24.625,34.8125,0.0,0.0,5.375,0.0,0.0
21.6875,38.96875,14.8125,15.4375,27.1875,19.1875,25.03125,11.78125,25.03125,34.78125,0.0,0.0,6.09375,0.0,0.0
22.625,38.5625,13.21875,16.9375,25.59375,18.8125,26.8125,12.375,24.375,35.0625,0.0,0.0,5.625,0.0,0.0
21.9375,38.625,13.53125,15.5,27.4375,19.84375,26.125,11.46875,25.15625,35.3125,0.0,0.0,5.0625,0.0,0.0
22.4375,38.40625,13.46875,15.5,27.5,19.0,26.28125,12.1875,24.53125,35.21875,0.0,0.0,5.46875,0.0,0.0
21.625,38.46875,13.25,15.4375,26.78125,19.28125,26.03125,12.3125,25.75,36.0625,0.0,0.0,5.0,0.0,0.0
21.59375,40.4375,13.5625,15.1875,28.53125,19.75,25.625,10.75,25.25,34.125,0.0,0.0,5.1875,0.0,0.0
22.28125,38.71875,12.46875,14.59375,26.90625,19.4375,26.4375,12.03125,24.96875,36.84375,0.0,0.0,5.3125,0.0,0.0
21.4375,39.0625,15.125,13.625,26.59375,19.3125,26.03125,12.625,25.65625,35.4375,0.0,0.0,5.09375,0.0,0.0
21.125,39.5,13.5,15.28125,26.6875,19.65625,25.625,12.0625,24.4375,36.8125,0.0,0.0,5.3125,0.0,0.0
21.59375,38.8125,13.9375,15.96875,26.96875,18.71875,26.71875,12.8125,24.8125,34.65625,0.0,0.0,5.0,0.0,0.0
22.1875,39.03125,12.78125,16.71875,27.0,18.59375,25.25,12.625,24.21875,36.0625,0.0,0.0,5.53125,0.0,0.0
22.1875,39.5625,13.21875,15.53125,25.75,19.625,25.65625,12.6875,25.03125,35.46875,0.0,0.0,5.28125,0.0,0.0
22.9375,41.125,14.71875,15.03125,27.21875,18.09375,25.8125,11.46875,23.5,35.375,0.0,0.0,4.71875,0.0,0.0
22.28125,39.625,13.375,15.59375,26.53125,19.5,25.53125,11.9375,24.3125,36.09375,0.0,0.0,5.21875,0.0,0.0
22.3125,38.9375,13.96875,15.6875,27.4375,20.0,25.5625,11.40625,25.3125,34.4375,0.0,0.0,4.9375,0.0,0.0
21.59375,37.84375,14.125,16.5,27.34375,19.09375,25.28125,12.5625,25.71875,35.125,0.0,0.0,4.8125,0.0,0.0
22.0625,38.90625,13.375,15.34375,27.71875,19.03125,26.5625,12.1875,25.40625,34.5,0.0,0.0,4.90625,0.0,0.0
21.625,39.5,12.8125,16.21875,26.90625,18.28125,26.84375,11.4375,24.125,36.875,0.0,0.0,5.375,0.0,0.0
22.03125,38.90625,13.84375,15.09375,26.125,19.5625,26.75,12.0625,24.53125,35.625,0.0,0.0,5.46875,0.0,0.0
21.09375,38.90625,13.6875,15.46875,26.5625,19.125,26.25,11.71875,25.375,36.84375,0.0,0.0,4.96875,0.0,0.0
20.78125,39.40625,14.3125,15.5625,27.15625,19.6875,25.8125,11.5,24.875,35.5625,0.0,0.0,5.34375,0.0,0.0
20.9375,39.6875,12.5625,15.9375,26.65625,18.84375,26.09375,12.125,24.84375,36.90625,0.0,0.0,5.40625,0.0,0.0
23.59375,38.5,12.21875,15.4375,27.0625,19.8125,25.15625,12.78125,24.78125,35.46875,0.0,0.0,5.1875,0.0,0.0
21.625,39.75,13.4375,15.46875,27.9375,19.53125,25.15625,11.8125,25.25,34.34375,0.0,0.0,5.6875,0.0,0.0
22.09375,38.625,12.5625,15.125,27.5,19.625,26.28125,12.15625,25.46875,35.25,0.0,0.0,5.3125,0.0,0.0
22.78125,39.46875,13.03125,15.59375,25.96875,19.5,25.9375,12.5,24.75,35.15625,0.0,0.0,5.3125,0.0,0.0
21.90625,38.125,14.65625,14.84375,26.625,19.84375,25.46875,12.4375,24.9375,35.8125,0.0,0.0,5.34375,0.0,0.0
21.90625,40.0625,14.09375,14.625,27.28125,19.28125,25.34375,12.15625,25.40625,34.8125,0.0,0.0,5.03125,0.0,0.0
20.71875,39.0625,14.125,16.65625,26.90625,19.125,25.4375,12.5,24.0,36.09375,0.0,0.0,5.375,0.0,0.0
21.59375,38.8125,13.25,16.0,26.75,18.9375,26.40625,11.90625,24.375,36.40625,0.0,0.0,5.5625,0.0,0.0
22.96875,40.0,13.96875,14.21875,27.34375,19.09375,25.9375,12.3125,24.28125,34.0625,0.0,0.0,5.8125,0.0,0.0
22.84375,38.6875,13.9375,14.90625,27.125,19.03125,25.8125,12.8125,24.90625,35.0625,0.0,0.0,4.875,0.0,0.0
22.0625,38.84375,12.90625,15.78125,26.3125,19.875,26.65625,12.75,24.6875,34.59375,0.0,0.0,5.53125,0.0,0.0
20.9375,39.3125,13.28125,15.0,27.71875,18.3125,26.84375,13.1875,24.65625,35.46875,0.0,0.0,5.28125,0.0,0.0
21.4375,39.46875,13.78125,16.1875,27.09375,18.90625,25.84375,11.9375,24.21875,36.1875,0.0,0.0,4.9375,0.0,0.0
23.15625,38.78125,13.0,15.84375,27.0,18.78125,25.34375,11.4375,24.125,37.34375,0.0,0.0,5.1875,0.0,0.0
21.4375,39.84375,13.375,16.28125,28.59375,18.5,26.125,12.09375,23.75,34.96875,0.0,0.0,5.03125,0.0,0.0
21.28125,38.59375,15.90625,14.78125,27.28125,18.875,26.0625,11.84375,24.4375,35.90625,0.0,0.0,5.03125,0.0,0.0
21.9375,39.1875,13.90625,15.625,27.03125,19.5625,24.6875,12.25,24.0,36.34375,0.0,0.0,5.46875,0.0,0.0
21.65625,39.0625,13.65625,15.75,26.4375,18.71875,26.5,12.125,25.09375,35.25,0.0,0.0,5.75,0.0,0.0
20.75,39.4375,13.40625,15.4375,26.6875,19.375,26.90625,11.59375,25.1875,36.0,0.0,0.0,5.21875,0.0,0.0
22.625,37.9375,12.9375,14.8125,26.65625,19.4375,26.15625,12.78125,24.78125,36.28125,0.0,0.0,5.59375,0.0,0.0
21.0625,39.875,13.1875,15.5,26.28125,19.375,26.34375,12.125,24.71875,35.8125,0.0,0.0,5.71875,0.0,0.0
21.53125,39.0,14.75,15.4375,26.71875,18.375,26.03125,11.625,24.40625,36.78125,0.0,0.0,5.34375,0.0,0.0
23.53125,38.0625,13.90625,15.4375,26.6875,20.28125,24.71875,11.40625,25.28125,35.375,0.0,0.0,5.3125,0.0,0.0
21.0,40.03125,13.90625,16.09375,25.90625,19.71875,26.3125,11.90625,25.03125,34.78125,0.0,0.0,5.3125,0.0,0.0
22.3125,38.28125,13.65625,15.53125,27.53125,18.125,25.8125,12.90625,24.9375,36.15625,0.0,0.0,4.75,0.0,0.0
21.96875,37.4375,12.6875,16.65625,27.53125,18.9375,26.71875,11.5,24.6875,36.625,0.0,0.0,5.25,0.0,0.0
21.90625,39.3125,13.21875,15.3125,26.375,18.6875,27.625,12.0625,24.53125,35.5625,0.0,0.0,5.40625,0.0,0.0
22.3125,40.09375,13.84375,15.34375,26.5,19.21875,24.375,10.96875,25.15625,36.71875,0.0,0.0,5.46875,0.0,0.0
22.21875,38.96875,14.625,15.78125,26.46875,18.25,25.75,12.40625,24.4375,36.0625,0.0,0.0,5.03125,0.0,0.0
21.9375,39.09375,14.28125,15.96875,25.78125,19.15625,25.84375,11.34375,24.625,36.9375,0.0,0.0,5.03125,0.0,0.0
21.9375,39.21875,12.875,15.84375,26.75,19.40625,26.53125,11.0625,26.09375,34.84375,0.0,0.0,5.4375,0.0,0.0
22.1875,39.0625,12.84375,14.75,26.75,20.03125,25.84375,12.15625,24.78125,35.8125,0.0,0.0,5.78125,0.0,0.0
22.3125,38.84375,13.5625,15.5,27.5,19.09375,26.6875,11.9375,25.0,34.5,0.0,0.0,5.0625,0.0,0.0
22.25,38.0625,13.9375,14.53125,26.4375,19.40625,26.09375,12.21875,25.21875,36.4375,0.0,0.0,5.40625,0.0,0.0
21.9375,38.65625,14.5,14.84375,26.15625,19.09375,26.0,12.03125,25.75,35.5625,0.0,0.0,5.46875,0.0,0.0
21.75,40.375,12.5,14.625,26.90625,18.15625,27.0,11.96875,24.8125,36.09375,0.0,0.0,5.8125,0.0,0.0
21.6875,39.59375,13.4375,14.375,27.03125,19.09375,27.03125,12.3125,24.0625,36.21875,0.0,0.0,5.15625,0.0,0.0
21.96875,38.53125,13.0625,15.375,26.46875,19.28125,26.625,12.40625,25.5625,35.28125,0.0,0.0,5.4375,0.0,0.0
22.3125,39.75,13.40625,13.71875,27.53125,19.0,26.21875,12.0625,24.875,35.65625,0.0,0.0,5.46875,0.0,0.0
21.8125,38.25,14.0625,15.9375,26.875,19.0625,26.875,11.625,23.3125,36.90625,0.0,0.0,5.28125,0.0,0.0
22.53125,38.96875,13.25,14.875,28.78125,18.5,26.3125,12.46875,24.46875,34.65625,0.0,0.0,5.1875,0.0,0.0
22.03125,37.375,13.8125,15.6875,27.65625,18.40625,26.03125,12.875,25.1875,35.90625,0.0,0.0,5.03125,0.0,0.0
21.96875,40.09375,13.15625,14.75,26.40625,18.375,26.59375,11.625,25.28125,36.6875,0.0,0.0,5.0625,0.0,0.0
22.625,38.65625,13.875,14.53125,27.125,19.15625,25.15625,12.53125,24.96875,36.4375,0.0,0.0,4.9375,0.0,0.0
21.9375,38.84375,13.8125,15.1875,27.21875,18.15625,27.25,12.25,25.84375,34.03125,0.0,0.0,5.46875,0.0,0.0
21.53125,39.9375,12.625,14.1875,27.3125,18.8125,26.75,12.6875,26.5625,34.03125,0.0,0.0,5.5625,0.0,0.0
21.15625,38.28125,14.6875,15.0625,27.3125,19.65625,25.9375,11.34375,24.1875,37.1875,0.0,0.0,5.1875,0.0,0.0
22.125,38.375,13.5,15.75,27.65625,18.78125,26.75,12.25,25.0,34.6875,0.0,0.0,5.125,0.0,0.0
21.3125,40.71875,12.9375,14.125,27.40625,18.5625,26.375,11.625,25.28125,36.0625,0.0,0.0,5.59375,0.0,0.0
21.84375,39.84375,13.59375,15.65625,25.0625,18.84375,26.6875,12.1875,24.4375,36.0,0.0,0.0,5.84375,0.0,0.0
22.78125,39.3125,13.9375,15.125,26.4375,18.53125,26.46875,11.9375,24.15625,35.9375,0.0,0.0,5.375,0.0,0.0
22.25,39.375,13.9375,16.21875,26.53125,18.5625,25.84375,11.75,25.34375,35.40625,0.0,0.0,4.78125,0.0,0.0
21.71875,38.65625,14.09375,14.96875,26.0625,19.84375,25.53125,12.1875,25.65625,36.03125,0.0,0.0,5.25,0.0,0.0
21.21875,39.34375,13.78125,14.25,27.71875,19.0,27.0,11.96875,25.0625,36.0625,0.0,0.0,4.59375,0.0,0.0
21.96875,40.28125,13.4375,15.21875,27.15625,19.0,25.40625,12.15625,24.15625,35.9375,0.0,0.0,5.28125,0.0,0.0
22.375,40.25,13.0,15.84375,25.5625,18.46875,26.0,11.8125,24.59375,36.75,0.0,0.0,5.34375,0.0,0.0
22.5,38.46875,13.5625,15.5,27.28125,18.25,26.375,12.34375,24.46875,36.03125,0.0,0.0,5.21875,0.0,0.0
22.5,37.75,13.90625,14.21875,27.15625,19.4375,26.59375,12.0625,25.65625,35.53125,0.0,0.0,5.1875,0.0,0.0
21.28125,39.59375,14.46875,14.84375,27.40625,19.1875,26.5625,11.65625,25.0625,34.5625,0.0,0.0,5.375,0.0,0.0
22.46875,37.53125,13.75,15.40625,26.71875,18.78125,26.90625,12.03125,25.46875,35.6875,0.0,0.0,5.25,0.0,0.0
20.4375,39.1875,14.59375,15.59375,26.4375,19.03125,27.25,11.6875,25.4375,34.8125,0.0,0.0,5.53125,0.0,0.0
21.5,39.09375,14.0,16.28125,27.75,18.6875,25.40625,11.40625,24.53125,35.84375,0.0,0.0,5.5,0.0,0.0
21.96875,39.1875,14.1875,14.21875,26.90625,19.75,26.09375,12.125,25.9375,34.09375,0.0,0.0,5.53125,0.0,0.0
22.53125,39.78125,13.09375,15.25,27.125,19.40625,26.15625,11.9375,23.6875,35.53125,0.0,0.0,5.5,0.0,0.0
22.3125,37.0,12.6875,15.09375,27.5625,19.21875,25.9375,13.15625,25.375,36.1875,0.0,0.0,5.46875,0.0,0.0
22.125,37.9375,13.4375,15.375,27.75,20.03125,25.1875,11.96875,25.84375,35.40625,0.0,0.0,4.9375,0.0,0.0
22.53125,38.375,14.03125,14.5625,26.46875,18.46875,25.9375,12.65625,24.5625,36.9375,0.0,0.0,5.46875,0.0,0.0
22.28125,39.6875,13.0,14.78125,26.0,19.28125,25.8125,12.46875,24.6875,36.15625,0.0,0.0,5.84375,0.0,0.0
21.5625,38.8125,12.875,15.8125,27.84375,18.34375,25.78125,12.625,24.40625,37.25,0.0,0.0,4.6875,0.0,0.0
21.40625,40.5,13.625,14.21875,26.1875,18.4375,26.78125,12.34375,25.0,36.75,0.0,0.0,4.75,0.0,0.0
21.5,37.53125,14.46875,16.15625,27.21875,19.875,24.28125,12.09375,25.28125,36.125,0.0,0.0,5.46875,0.0,0.0
22.0,37.78125,13.9375,14.40625,27.59375,19.3125,27.65625,12.53125,24.125,35.21875,0.0,0.0,5.4375,0.0,0.0
22.59375,38.84375,13.65625,14.90625,26.28125,19.65625,26.28125,12.125,24.0,36.28125,0.0,0.0,5.375,0.0,0.0
23.125,37.4375,14.03125,16.0625,27.625,20.0,26.375,11.65625,26.3125,32.5,0.0,0.0,4.875,0.0,0.0
21.53125,38.5625,12.9375,15.34375,26.40625,18.78125,27.75,12.875,24.875,35.40625,0.0,0.0,5.53125,0.0,0.0
22.6875,39.25,12.96875,14.78125,27.03125,19.4375,25.875,12.6875,24.4375,35.4375,0.0,0.0,5.40625,0.0,0.0
23.6875,38.78125,13.96875,15.84375,26.25,19.59375,25.09375,11.65625,24.8125,35.0,0.0,0.0,5.3125,0.0,0.0
21.09375,40.15625,14.4375,14.96875,26.03125,19.40625,26.75,12.21875,23.03125,36.125,0.0,0.0,5.78125,0.0,0.0
22.03125,39.34375,13.46875,14.65625,27.125,18.84375,26.4375,12.6875,24.59375,35.8125,0.0,0.0,5.0,0.0,0.0
22.625,38.46875,14.09375,15.3125,26.5,18.40625,26.375,12.34375,24.625,35.9375,0.0,0.0,5.3125,0.0,0.0
21.96875,39.625,14.5,14.84375,25.78125,19.5625,26.0625,12.8125,25.0625,34.34375,0.0,0.0,5.4375,0.0,0.0
21.875,39.1875,13.71875,14.65625,27.3125,19.8125,26.15625,12.5,24.8125,34.8125,0.0,0.0,5.15625,0.0,0.0
21.53125,39.78125,14.53125,14.375,26.84375,19.28125,25.90625,12.84375,24.78125,35.03125,0.0,0.0,5.09375,0.0,0.0
23.0,38.5,13.71875,15.59375,27.1875,18.9375,26.21875,12.25,25.0,34.875,0.0,0.0,4.71875,0.0,0.0
22.875,37.84375,14.3125,14.5,27.1875,19.65625,26.3125,12.34375,25.09375,34.625,0.0,0.0,5.25,0.0,0.0
22.25,38.3125,12.96875,16.375,27.40625,18.5,26.375,11.71875,24.4375,36.34375,0.0,0.0,5.3125,0.0,0.0
21.6875,40.28125,14.09375,15.53125,27.1875,19.71875,24.75,11.78125,25.46875,33.84375,0.0,0.0,5.65625,0.0,0.0
21.6875,39.0625,12.96875,15.625,26.84375,18.75,26.1875,12.9375,24.5,36.0625,0.0,0.0,5.375,0.0,0.0
22.0625,39.53125,13.4375,15.625,26.625,18.96875,25.9375,11.875,25.28125,35.375,0.0,0.0,5.28125,0.0,0.0
22.125,38.59375,14.40625,14.625,26.46875,20.3125,24.8125,11.78125,25.15625,36.5,0.0,0.0,5.21875,0.0,0.0
22.4375,39.21875,14.28125,15.21875,26.875,19.3125,26.09375,11.1875,25.25,35.5,0.0,0.0,4.625,0.0,0.0
22.0625,38.84375,13.65625,15.09375,26.96875,18.84375,26.625,12.28125,24.5625,35.59375,0.0,0.0,5.46875,0.0,0.0
21.96875,41.25,13.3125,14.40625,26.40625,19.40625,25.65625,11.0625,25.53125,35.75,0.0,0.0,5.25,0.0,0.0
22.40625,37.9375,12.25,15.84375,27.65625,18.6875,26.1875,12.28125,25.28125,36.125,0.0,0.0,5.34375,0.0,0.0
21.8125,39.8125,12.28125,15.03125,26.8125,20.65625,27.0625,11.8125,24.15625,35.1875,0.0,0.0,5.375,0.0,0.0
22.96875,38.875,12.71875,14.65625,27.09375,18.5625,27.15625,12.34375,24.875,35.4375,0.0,0.0,5.3125,0.0,0.0
21.71875,38.0625,13.03125,15.96875,27.6875,19.4375,26.53125,12.5625,25.125,35.1875,0.0,0.0,4.6875,0.0,0.0
22.1875,39.875,12.0,15.53125,28.59375,18.84375,26.5,11.9375,24.75,34.03125,0.0,0.0,5.75,0.0,0.0
22.09375,39.375,13.71875,15.0625,27.5,18.71875,25.53125,12.15625,25.25,35.09375,0.0,0.0,5.5,0.0,0.0
22.3125,37.9375,13.65625,14.625,28.0,20.09375,26.46875,12.375,23.59375,35.84375,0.0,0.0,5.09375,0.0,0.0
22.03125,39.5625,12.90625,15.5,27.90625,18.78125,25.46875,12.03125,24.84375,35.8125,0.0,0.0,5.15625,0.0,0.0
21.5,40.5,13.65625,15.375,27.4375,18.46875,27.0,11.5625,24.90625,34.1875,0.0,0.0,5.40625,0.0,0.0
22.03125,40.03125,13.5,15.5,26.5,18.875,26.46875,11.78125,24.65625,34.8125,0.0,0.0,5.84375,0.0,0.0
21.8125,39.28125,13.4375,15.03125,28.03125,19.625,26.5,11.5625,25.5,34.15625,0.0,0.0,5.0625,0.0,0.0
21.40625,40.40625,13.25,14.03125,27.6875,19.15625,25.90625,12.625,25.09375,35.25,0.0,0.0,5.1875,0.0,0.0
22.15625,39.15625,12.84375,16.15625,26.53125,18.71875,25.40625,12.0,25.53125,36.0,0.0,0.0,5.5,0.0,0.0
23.09375,38.96875,13.03125,14.09375,26.4375,18.78125,27.78125,12.90625,23.75,35.65625,0.0,0.0,5.5,0.0,0.0
21.0,39.3125,13.6875,15.78125,27.6875,18.875,26.59375,12.15625,24.90625,34.03125,0.0,0.0,5.96875,0.0,0.0
21.03125,40.6875,13.1875,14.4375,26.03125,19.625,26.59375,12.25,25.4375,35.125,0.0,0.0,5.59375,0.0,0.0
20.90625,40.0625,12.90625,15.1875,27.0625,18.65625,27.0,11.8125,25.59375,35.40625,0.0,0.0,5.40625,0.0,0.0
21.9375,39.09375,13.8125,15.21875,26.15625,19.40625,26.15625,12.90625,24.5,35.03125,0.0,0.0,5.78125,0.0,0.0
21.84375,38.3125,14.125,14.4375,26.34375,19.375,26.375,13.0,25.34375,35.78125,0.0,0.0,5.0625,0.0,0.0
21.46875,38.3125,13.8125,15.6875,26.34375,19.03125,27.78125,11.84375,25.5,35.3125,0.0,0.0,4.90625,0.0,0.0
21.75,39.09375,13.9375,14.96875,27.3125,19.65625,26.53125,12.1875,24.5,34.6875,0.0,0.0,5.375,0.0,0.0
21.59375,38.8125,13.28125,16.0625,26.71875,19.4375,25.65625,12.0625,25.5,35.15625,0.0,0.0,5.71875,0.0,0.0
21.75,37.84375,14.375,15.53125,27.96875,18.5625,26.34375,12.375,24.28125,35.71875,0.0,0.0,5.25,0.0,0.0
21.875,39.53125,12.96875,14.4375,28.15625,19.875,26.5,11.5625,25.5625,34.3125,0.0,0.0,5.21875,0.0,0.0
22.09375,39.90625,13.1875,15.1875,26.0625,19.3125,25.53125,12.5625,25.75,35.0625,0.0,0.0,5.34375,0.0,0.0
21.25,40.25,13.46875,14.90625,26.78125,19.28125,26.8125,12.03125,24.0625,35.3125,0.0,0.0,5.84375,0.0,0.0
22.125,38.78125,14.1875,14.65625,27.65625,19.1875,26.59375,12.34375,25.96875,33.3125,0.0,0.0,5.1875,0.0,0.0
22.125,39.0,13.78125,15.59375,26.5625,19.59375,25.46875,12.4375,24.5,35.71875,0.0,0.0,5.21875,0.0,0.0
21.3125,40.0625,13.78125,15.5,27.0625,18.625,26.09375,12.6875,24.71875,35.125,0.0,0.0,5.03125,0.0,0.0
21.5,38.5625,13.4375,15.28125,27.25,19.65625,24.28125,13.40625,25.1875,36.34375,0.0,0.0,5.09375,0.0,0.0
22.75,37.53125,13.53125,15.59375,27.15625,19.46875,26.21875,11.78125,25.71875,35.21875,0.0,0.0,5.03125,0.0,0.0
21.96875,38.1875,13.5625,16.25,27.90625,19.25,26.78125,11.03125,24.625,35.0,0.0,0.0,5.4375,0.0,0.0
22.53125,38.375,13.28125,14.625,26.53125,20.03125,26.4375,12.84375,25.65625,34.4375,0.0,0.0,5.25,0.0,0.0
22.8125,37.75,13.4375,16.5625,27.09375,19.25,26.15625,11.9375,25.71875,34.3125,0.0,0.0,4.96875,0.0,0.0
20.96875,39.9375,13.5,15.8125,27.375,19.15625,25.6875,12.0625,24.53125,35.4375,0.0,0.0,5.53125,0.0,0.0
23.3125,39.03125,13.71875,14.78125,27.625,18.65625,26.03125,11.9375,25.3125,34.34375,0.0,0.0,5.25,0.0,0.0
23.0625,37.28125,12.65625,16.5625,27.1875,18.125,26.9375,11.8125,25.75,35.3125,0.0,0.0,5.3125,0.0,0.0
22.5625,38.5625,13.46875,14.5,27.375,18.84375,26.8125,12.03125,25.65625,34.96875,0.0,0.0,5.21875,0.0,0.0
21.5625,39.1875,13.09375,16.25,28.4375,20.0625,24.78125,11.9375,24.09375,35.96875,0.0,0.0,4.625,0.0,0.0
22.25,39.0625,13.53125,15.0,26.875,18.65625,27.21875,12.53125,24.78125,34.46875,0.0,0.0,5.625,0.0,0.0
22.15625,40.28125,13.34375,15.0625,25.4375,19.125,26.84375,11.09375,23.84375,37.28125,0.0,0.0,5.53125,0.0,0.0
22.03125,38.5625,12.8125,14.78125,26.03125,20.125,26.625,12.90625,24.90625,35.5,0.0,0.0,5.71875,0.0,0.0
21.9375,39.21875,13.75,15.6875,27.375,20.03125,26.875,11.71875,24.09375,34.03125,0.0,0.0,5.28125,0.0,0.0
22.03125,38.53125,13.5625,14.875,26.71875,18.65625,26.96875,12.53125,24.84375,35.6875,0.0,0.0,5.59375,0.0,0.0
23.78125,37.75,13.84375,15.53125,27.15625,19.90625,26.90625,11.8125,24.53125,34.3125,0.0,0.0,4.46875,0.0,0.0
22.15625,37.75,13.34375,15.40625,26.1875,19.25,26.4375,11.9375,24.84375,37.0625,0.0,0.0,5.625,0.0,0.0
21.3125,38.59375,14.40625,15.375,27.71875,18.90625,26.59375,12.3125,24.46875,34.75,0.0,0.0,5.5625,0.0,0.0
21.3125,38.6875,13.59375,15.8125,27.0,19.21875,26.59375,12.125,24.59375,35.96875,0.0,0.0,5.09375,0.0,0.0
22.4375,38.875,14.03125,15.71875,27.1875,19.09375,25.5,11.46875,24.125,36.0625,0.0,0.0,5.5,0.0,0.0
22.03125,40.34375,13.59375,15.5,27.09375,18.4375,26.0625,10.96875,24.90625,35.90625,0.0,0.0,5.15625,0.0,0.0
21.90625,37.65625,12.90625,15.1875,27.90625,19.5,26.09375,12.3125,26.03125,35.0625,0.0,0.0,5.4375,0.0,0.0
22.625,38.90625,12.4375,15.03125,26.96875,19.0,26.0625,12.96875,24.84375,35.625,0.0,0.0,5.53125,0.0,0.0
21.59375,38.65625,13.6875,15.90625,26.59375,19.0,27.3125,11.71875,24.75,35.375,0.0,0.0,5.40625,0.0,0.0
22.09375,38.84375,13.9375,15.40625,26.8125,18.75,26.25,12.25,24.125,36.0625,0.0,0.0,5.46875,0.0,0.0
22.34375,37.875,12.71875,16.40625,27.46875,18.21875,25.65625,11.5,25.28125,37.375,0.0,0.0,5.15625,0.0,0.0
21.03125,38.6875,13.96875,15.5,26.46875,18.3125,26.1875,12.625,25.9375,35.84375,0.0,0.0,5.4375,0.0,0.0
23.25,38.9375,13.03125,15.09375,26.5625,18.96875,25.6875,12.21875,24.09375,37.03125,0.0,0.0,5.125,0.0,0.0
22.0,39.34375,13.65625,15.1875,26.125,19.375,25.90625,12.46875,24.5625,35.96875,0.0,0.0,5.40625,0.0,0.0
22.21875,37.71875,14.03125,15.65625,26.46875,19.4375,26.875,12.28125,24.71875,35.125,0.0,0.0,5.46875,0.0,0.0
22.9375,39.15625,13.28125,16.28125,26.21875,18.53125,25.875,12.375,24.96875,35.375,0.0,0.0,5.0,0.0,0.0
21.53125,38.65625,14.78125,15.1875,26.28125,19.09375,26.84375,11.28125,25.46875,35.65625,0.0,0.0,5.21875,0.0,0.0
21.59375,39.75,14.21875,15.3125,26.9375,18.90625,25.8125,11.0625,25.25,35.90625,0.0,0.0,5.25,0.0,0.0
21.96875,39.3125,13.75,15.375,27.40625,18.84375,26.84375,11.84375,24.3125,34.96875,0.0,0.0,5.375,0.0,0.0
21.5625,39.65625,12.78125,16.09375,26.90625,19.53125,26.5,12.125,23.8125,35.8125,0.0,0.0,5.21875,0.0,0.0
22.125,39.625,13.6875,15.9375,25.34375,18.8125,26.6875,11.625,26.0625,35.0,0.0,0.0,5.09375,0.0,0.0
22.5,38.8125,12.5,16.46875,26.5,19.5625,26.15625,11.03125,24.4375,36.71875,0.0,0.0,5.3125,0.0,0.0
20.34375,40.0625,13.03125,14.8125,26.59375,19.125,26.65625,12.28125,25.0,35.84375,0.0,0.0,6.25,0.0,0.0
22.09375,40.1875,13.0,15.9375,26.8125,19.25,25.09375,11.875,25.6875,34.75,0.0,0.0,5.3125,0.0,0.0
23.0,38.34375,12.71875,14.9375,26.8125,18.8125,27.03125,12.0,25.3125,35.5,0.0,0.0,5.53125,0.0,0.0
22.625,38.4375,13.875,15.46875,25.9375,19.84375,25.53125,12.5,24.6875,35.75,0.0,0.0,5.34375,0.0,0.0
22.90625,38.03125,12.6875,14.96875,27.40625,18.65625,26.625,12.84375,24.71875,35.6875,0.0,0.0,5.46875,0.0,0.0
21.75,39.21875,12.875,14.5,26.96875,18.625,27.21875,12.15625,26.8125,34.15625,0.0,0.0,5.71875,0.0,0.0
21.4375,40.09375,14.0625,15.21875,26.625,19.65625,25.21875,11.75,25.09375,35.28125,0.0,0.0,5.5625,0.0,0.0
22.125,38.46875,12.78125,15.65625,27.15625,19.5625,25.96875,12.0,25.4375,35.40625,0.0,0.0,5.4375,0.0,0.0
22.9375,38.78125,13.25,15.96875,27.5625,19.0,25.59375,11.59375,25.5625,34.6875,0.0,0.0,5.0625,0.0,0.0
21.03125,40.8125,14.8125,15.5625,26.84375,18.71875,25.59375,11.9375,23.78125,35.59375,0.0,0.0,5.3125,0.0,0.0
21.90625,38.25,13.84375,15.0625,27.3125,19.40625,26.78125,11.53125,24.625,36.46875,0.0,0.0,4.8125,0.0,0.0
22.15625,39.5,13.75,16.15625,27.03125,19.0,25.8125,12.09375,24.9375,34.4375,0.0,0.0,5.125,0.0,0.0
23.53125,38.46875,12.75,15.34375,26.125,19.78125,27.15625,12.5625,24.28125,34.8125,0.0,0.0,5.1875,0.0,0.0
22.15625,38.15625,13.34375,14.84375,27.21875,18.6875,27.96875,12.1875,25.21875,34.625,0.0,0.0,5.59375,0.0,0.0
21.0625,40.0,13.90625,15.40625,27.09375,18.84375,27.1875,11.59375,23.59375,35.96875,0.0,0.0,5.34375,0.0,0.0
22.96875,38.1875,14.09375,16.0,26.15625,19.28125,26.125,12.1875,25.3125,33.8125,0.0,0.0,5.875,0.0,0.0
21.5,40.25,13.375,15.21875,27.21875,18.8125,26.25,12.15625,23.84375,35.71875,0.0,0.0,5.65625,0.0,0.0
22.46875,39.90625,13.375,14.78125,26.6875,19.65625,26.75,12.1875,23.40625,35.59375,0.0,0.0,5.1875,0.0,0.0
21.96875,40.78125,13.625,16.28125,26.96875,18.78125,26.21875,11.375,25.125,34.0625,0.0,0.0,4.8125,0.0,0.0
21.625,37.6875,14.03125,14.75,26.875,20.34375,24.71875,12.78125,25.90625,36.0625,0.0,0.0,5.21875,0.0,0.0
21.375,41.21875,13.28125,14.5625,25.78125,19.3125,25.625,11.25,24.9375,36.5625,0.0,0.0,6.09375,0.0,0.0
23.3125,38.71875,13.96875,16.28125,27.21875,19.15625,24.46875,11.8125,24.9375,35.28125,0.0,0.0,4.84375,0.0,0.0
21.90625,38.59375,13.0,16.0625,27.09375,19.125,26.90625,11.34375,23.75,36.90625,0.0,0.0,5.3125,0.0,0.0
22.96875,40.15625,13.21875,15.09375,27.21875,19.25,25.40625,12.4375,25.03125,34.1875,0.0,0.0,5.03125,0.0,0.0
21.78125,38.46875,12.875,15.71875,27.53125,18.84375,26.25,11.8125,26.03125,35.25,0.0,0.0,5.4375,0.0,0.0
21.625,38.84375,13.71875,15.65625,26.78125,19.125,26.375,12.46875,25.5625,34.53125,0.0,0.0,5.3125,0.0,0.0
21.875,39.28125,12.59375,15.5625,26.71875,18.875,27.875,12.71875,23.75,35.4375,0.0,0.0,5.3125,0.0,0.0
22.03125,37.6875,13.125,14.375,27.40625,18.375,26.03125,12.6875,25.84375,36.75,0.0,0.0,5.6875,0.0,0.0
22.625,40.40625,13.84375,14.78125,25.65625,20.03125,25.65625,11.625,24.6875,35.5625,0.0,0.0,5.125,0.0,0.0
22.1875,39.28125,13.34375,16.34375,26.25,19.40625,25.5625,12.28125,25.09375,34.84375,0.0,0.0,5.40625,0.0,0.0
22.21875,39.125,13.1875,15.5,26.78125,18.875,25.625,12.125,25.25,35.9375,0.0,0.0,5.375,0.0,0.0
21.6875,39.03125,13.78125,16.53125,27.5625,18.75,25.65625,11.125,24.96875,35.8125,0.0,0.0,5.09375,0.0,0.0
21.96875,39.84375,12.96875,15.65625,26.0625,18.71875,26.5,12.0,25.625,35.09375,0.0,0.0,5.5625,0.0,0.0
23.28125,37.90625,13.25,15.1875,27.28125,19.21875,26.9375,12.0625,24.25,35.53125,0.0,0.0,5.09375,0.0,0.0
20.8125,40.1875,13.40625,15.25,26.71875,19.65625,24.6875,12.09375,25.40625,36.34375,0.0,0.0,5.4375,0.0,0.0
21.09375,39.5,14.65625,16.125,25.375,18.5625,26.3125,12.3125,24.96875,35.6875,0.0,0.0,5.40625,0.0,0.0
23.5,39.375,13.375,15.46875,27.0625,19.0625,25.40625,12.8125,23.3125,35.40625,0.0,0.0,5.21875,0.0,0.0
22.0,39.53125,13.0,15.6875,26.625,19.125,26.84375,11.75,24.1875,35.78125,0.0,0.0,5.46875,0.0,0.0
22.1875,39.0625,13.1875,14.71875,26.125,19.8125,25.53125,12.53125,25.25,35.8125,0.0,0.0,5.78125,0.0,0.0
22.28125,38.875,13.15625,14.53125,27.21875,18.96875,26.0,11.40625,25.46875,36.125,0.0,0.0,5.96875,0.0,0.0
22.53125,39.46875,13.71875,15.5,26.4375,18.84375,25.84375,11.75,24.46875,35.9375,0.0,0.0,5.5,0.0,0.0
23.1875,38.71875,13.84375,15.34375,26.53125,18.65625,26.59375,11.9375,24.34375,35.65625,0.0,0.0,5.1875,0.0,0.0
23.375,39.59375,12.84375,14.875,27.0625,19.59375,25.5,12.03125,23.96875,35.625,0.0,0.0,5.53125,0.0,0.0
21.96875,38.96875,14.03125,15.65625,26.90625,19.25,25.8125,12.96875,23.78125,35.3125,0.0,0.0,5.34375,0.0,0.0
21.90625,40.15625,13.59375,15.34375,27.03125,19.34375,26.125,12.0625,24.09375,34.875,0.0,0.0,5.46875,0.0,0.0
22.21875,38.96875,13.28125,15.15625,27.0625,18.9375,26.28125,12.71875,25.4375,34.8125,0.0,0.0,5.125,0.0,0.0
21.375,39.5,14.4375,15.28125,26.96875,19.21875,26.125,12.125,24.84375,34.40625,0.0,0.0,5.71875,0.0,0.0
21.21875,39.21875,13.375,14.625,26.90625,18.75,26.53125,12.125,25.75,36.21875,0.0,0.0,5.28125,0.0,0.0
22.28125,38.53125,13.0625,16.09375,26.875,18.40625,26.0625,11.875,25.40625,36.21875,0.0,0.0,5.1875,0.0,0.0
22.5,38.6875,14.1875,15.78125,27.3125,19.03125,25.53125,12.53125,25.46875,33.625,0.0,0.0,5.34375,0.0,0.0
22.34375,40.25,14.125,15.0,25.8125,18.0,26.0625,12.125,25.84375,35.0625,0.0,0.0,5.375,0.0,0.0
21.84375,39.3125,13.0625,15.53125,26.8125,18.875,26.625,12.625,23.96875,35.46875,0.0,0.0,5.875,0.0,0.0
21.8125,39.75,13.375,15.78125,26.15625,19.46875,26.125,11.75,24.9375,35.46875,0.0,0.0,5.375,0.0,0.0
21.0,39.8125,12.90625,15.3125,27.375,18.71875,26.0,11.71875,24.96875,36.84375,0.0,0.0,5.34375,0.0,0.0
21.03125,39.5,14.4375,14.8125,28.09375,19.03125,26.25,12.40625,24.25,35.15625,0.0,0.0,5.03125,0.0,0.0
22.40625,39.65625,13.46875,14.9375,26.75,19.1875,26.25,12.40625,24.84375,34.25,0.0,0.0,5.84375,0.0,0.0
21.84375,39.21875,13.875,15.0625,27.125,18.34375,26.9375,12.53125,24.28125,35.34375,0.0,0.0,5.4375,0.0,0.0
22.5625,38.84375,12.40625,16.3125,27.03125,19.0625,26.375,12.1875,24.8125,34.90625,0.0,0.0,5.5,0.0,0.0
22.03125,38.78125,13.59375,15.125,27.875,19.03125,26.0,12.6875,24.46875,35.53125,0.0,0.0,4.875,0.0,0.0
21.65625,38.03125,13.65625,15.28125,27.21875,19.3125,25.96875,12.40625,24.53125,36.71875,0.0,0.0,5.21875,0.0,0.0
21.8125,39.59375,13.125,15.21875,26.34375,18.65625,26.09375,12.3125,25.625,35.78125,0.0,0.0,5.4375,0.0,0.0
20.96875,38.84375,14.3125,14.90625,27.5625,19.3125,24.78125,12.1875,24.53125,37.375,0.0,0.0,5.21875,0.0,0.0
22.78125,39.28125,14.78125,14.84375,26.6875,19.90625,25.53125,12.75,24.1875,34.375,0.0,0.0,4.875,0.0,0.0
22.1875,38.96875,13.6875,15.21875,28.34375,19.09375,24.84375,12.53125,25.21875,34.78125,0.0,0.0,5.125,0.0,0.0
20.4375,39.09375,14.09375,15.28125,27.25,18.6875,27.59375,11.1875,25.34375,35.84375,0.0,0.0,5.1875,0.0,0.0
22.8125,38.71875,12.75,16.28125,27.28125,19.46875,26.59375,12.4375,25.0,33.9375,0.0,0.0,4.71875,0.0,0.0
20.53125,39.09375,14.40625,14.65625,26.875,20.1875,25.40625,12.28125,25.1875,35.65625,0.0,0.0,5.71875,0.0,0.0
