min_makespan,avg_makespan,max_makespan,elapsed,total_errors,total_error,total_error_p,multi_p,seq_p,infeas_rate,multi_rate,seq_rate,amf_infeas,amt_infeas_p,total_errors_fix,total_error_fix,total_error_p_fix,multi_p_fix,seq_p_fix,infeas_rate_fix,multi_rate_fix,seq_rate_fix,amf_infeas_fix,amt_infeas_p_fix
112.0,118.21875,130.0,0,9,9,0.28125,0.0,0.28125,0.005113636363636364,0.0,0.005113636363636364,31,96.875,0,0,0.0,0.0,0.0,0.0,0.0,0.0,32,100.0
112.0,118.8125,133.0,0,9,9,0.28125,0.0,0.28125,0.005113636363636364,0.0,0.005113636363636364,31,96.875,0,0,0.0,0.0,0.0,0.0,0.0,0.0,32,100.0
112.0,114.9375,125.0,0,9,9,0.28125,0.0,0.28125,0.005113636363636364,0.0,0.005113636363636364,31,96.875,0,0,0.0,0.0,0.0,0.0,0.0,0.0,32,100.0
112.0,117.4375,127.0,0,9,9,0.28125,0.0,0.28125,0.005113636363636364,0.0,0.005113636363636364,31,96.875,0,0,0.0,0.0,0.0,0.0,0.0,0.0,32,100.0
112.0,116.3125,132.0,0,9,9,0.28125,0.0,0.28125,0.005113636363636364,0.0,0.005113636363636364,31,96.875,0,0,0.0,0.0,0.0,0.0,0.0,0.0,32,100.0
112.0,118.09375,129.0,0,9,9,0.28125,0.0,0.28125,0.005113636363636364,0.0,0.005113636363636364,31,96.875,0,0,0.0,0.0,0.0,0.0,0.0,0.0,32,100.0
112.0,117.375,135.0,0,9,9,0.28125,0.0,0.28125,0.005113636363636364,0.0,0.005113636363636364,31,96.875,0,0,0.0,0.0,0.0,0.0,0.0,0.0,32,100.0
112.0,118.625,144.0,0,9,9,0.28125,0.0,0.28125,0.005113636363636364,0.0,0.005113636363636364,31,96.875,0,0,0.0,0.0,0.0,0.0,0.0,0.0,32,100.0
112.0,118.3125,128.0,0,9,9,0.28125,0.0,0.28125,0.005113636363636364,0.0,0.005113636363636364,31,96.875,0,0,0.0,0.0,0.0,0.0,0.0,0.0,32,100.0
112.0,118.125,127.0,0,9,9,0.28125,0.0,0.28125,0.005113636363636364,0.0,0.005113636363636364,31,96.875,0,0,0.0,0.0,0.0,0.0,0.0,0.0,32,100.0
112.0,118.0625,130.0,0,9,9,0.28125,0.0,0.28125,0.005113636363636364,0.0,0.005113636363636364,31,96.875,0,0,0.0,0.0,0.0,0.0,0.0,0.0,32,100.0
112.0,117.46875,133.0,0,9,9,0.28125,0.0,0.28125,0.005113636363636364,0.0,0.005113636363636364,31,96.875,0,0,0.0,0.0,0.0,0.0,0.0,0.0,32,100.0
112.0,117.59375,133.0,0,9,9,0.28125,0.0,0.28125,0.005113636363636364,0.0,0.005113636363636364,31,96.875,0,0,0.0,0.0,0.0,0.0,0.0,0.0,32,100.0
112.0,117.1875,127.0,0,9,9,0.28125,0.0,0.28125,0.005113636363636364,0.0,0.005113636363636364,31,96.875,0,0,0.0,0.0,0.0,0.0,0.0,0.0,32,100.0
112.0,117.28125,129.0,0,9,9,0.28125,0.0,0.28125,0.005113636363636364,0.0,0.005113636363636364,31,96.875,0,0,0.0,0.0,0.0,0.0,0.0,0.0,32,100.0
112.0,119.09375,131.0,0,9,9,0.28125,0.0,0.28125,0.005113636363636364,0.0,0.005113636363636364,31,96.875,0,0,0.0,0.0,0.0,0.0,0.0,0.0,32,100.0
112.0,119.46875,142.0,0,9,9,0.28125,0.0,0.28125,0.005113636363636364,0.0,0.005113636363636364,31,96.875,0,0,0.0,0.0,0.0,0.0,0.0,0.0,32,100.0
112.0,117.75,133.0,0,9,9,0.28125,0.0,0.28125,0.005113636363636364,0.0,0.005113636363636364,31,96.875,0,0,0.0,0.0,0.0,0.0,0.0,0.0,32,100.0
112.0,118.625,134.0,0,9,9,0.28125,0.0,0.28125,0.005113636363636364,0.0,0.005113636363636364,31,96.875,0,0,0.0,0.0,0.0,0.0,0.0,0.0,32,100.0
112.0,119.96875,132.0,0,9,9,0.28125,0.0,0.28125,0.005113636363636364,0.0,0.005113636363636364,31,96.875,0,0,0.0,0.0,0.0,0.0,0.0,0.0,32,100.0
112.0,118.25,137.0,0,9,9,0.28125,0.0,0.28125,0.005113636363636364,0.0,0.005113636363636364,31,96.875,0,0,0.0,0.0,0.0,0.0,0.0,0.0,32,100.0
112.0,117.8125,127.0,0,9,9,0.28125,0.0,0.28125,0.005113636363636364,0.0,0.005113636363636364,31,96.875,0,0,0.0,0.0,0.0,0.0,0.0,0.0,32,100.0
112.0,117.0,126.0,0,9,9,0.28125,0.0,0.28125,0.005113636363636364,0.0,0.005113636363636364,31,96.875,0,0,0.0,0.0,0.0,0.0,0.0,0.0,32,100.0
112.0,116.5,131.0,0,9,9,0.28125,0.0,0.28125,0.005113636363636364,0.0,0.005113636363636364,31,96.875,0,0,0.0,0.0,0.0,0.0,0.0,0.0,32,100.0
112.0,116.46875,124.0,0,9,9,0.28125,0.0,0.28125,0.005113636363636364,0.0,0.005113636363636364,31,96.875,0,0,0.0,0.0,0.0,0.0,0.0,0.0,32,100.0
112.0,118.0,129.0,0,9,9,0.28125,0.0,0.28125,0.005113636363636364,0.0,0.005113636363636364,31,96.875,0,0,0.0,0.0,0.0,0.0,0.0,0.0,32,100.0
112.0,118.4375,139.0,0,9,9,0.28125,0.0,0.28125,0.005113636363636364,0.0,0.005113636363636364,31,96.875,0,0,0.0,0.0,0.0,0.0,0.0,0.0,32,100.0
112.0,117.125,130.0,0,9,9,0.28125,0.0,0.28125,0.005113636363636364,0.0,0.005113636363636364,31,96.875,0,0,0.0,0.0,0.0,0.0,0.0,0.0,32,100.0
112.0,118.53125,135.0,0,9,9,0.28125,0.0,0.28125,0.005113636363636364,0.0,0.005113636363636364,31,96.875,0,0,0.0,0.0,0.0,0.0,0.0,0.0,32,100.0
112.0,117.65625,132.0,0,9,9,0.28125,0.0,0.28125,0.005113636363636364,0.0,0.005113636363636364,31,96.875,0,0,0.0,0.0,0.0,0.0,0.0,0.0,32,100.0
112.0,118.40625,129.0,0,9,9,0.28125,0.0,0.28125,0.005113636363636364,0.0,0.005113636363636364,31,96.875,0,0,0.0,0.0,0.0,0.0,0.0,0.0,32,100.0
112.0,118.53125,128.0,0,9,9,0.28125,0.0,0.28125,0.005113636363636364,0.0,0.005113636363636364,31,96.875,0,0,0.0,0.0,0.0,0.0,0.0,0.0,32,100.0
112.0,119.03125,132.0,0,9,9,0.28125,0.0,0.28125,0.005113636363636364,0.0,0.005113636363636364,31,96.875,0,0,0.0,0.0,0.0,0.0,0.0,0.0,32,100.0
112.0,118.0625,135.0,0,9,9,0.28125,0.0,0.28125,0.005113636363636364,0.0,0.005113636363636364,31,96.875,0,0,0.0,0.0,0.0,0.0,0.0,0.0,32,100.0
112.0,116.96875,128.0,0,9,9,0.28125,0.0,0.28125,0.005113636363636364,0.0,0.005113636363636364,31,96.875,0,0,0.0,0.0,0.0,0.0,0.0,0.0,32,100.0
112.0,118.0625,133.0,0,9,9,0.28125,0.0,0.28125,0.005113636363636364,0.0,0.005113636363636364,31,96.875,0,0,0.0,0.0,0.0,0.0,0.0,0.0,32,100.0
112.0,117.96875,130.0,0,9,9,0.28125,0.0,0.28125,0.005113636363636364,0.0,0.005113636363636364,31,96.875,0,0,0.0,0.0,0.0,0.0,0.0,0.0,32,100.0
112.0,118.15625,137.0,0,9,9,0.28125,0.0,0.28125,0.005113636363636364,0.0,0.005113636363636364,31,96.875,0,0,0.0,0.0,0.0,0.0,0.0,0.0,32,100.0
112.0,119.75,142.0,0,9,9,0.28125,0.0,0.28125,0.005113636363636364,0.0,0.005113636363636364,31,96.875,0,0,0.0,0.0,0.0,0.0,0.0,0.0,32,100.0
112.0,117.6875,129.0,0,9,9,0.28125,0.0,0.28125,0.005113636363636364,0.0,0.005113636363636364,31,96.875,0,0,0.0,0.0,0.0,0.0,0.0,0.0,32,100.0
112.0,116.25,126.0,0,9,9,0.28125,0.0,0.28125,0.005113636363636364,0.0,0.005113636363636364,31,96.875,0,0,0.0,0.0,0.0,0.0,0.0,0.0,32,100.0
112.0,117.21875,128.0,0,9,9,0.28125,0.0,0.28125,0.005113636363636364,0.0,0.005113636363636364,31,96.875,0,0,0.0,0.0,0.0,0.0,0.0,0.0,32,100.0
112.0,117.875,126.0,0,9,9,0.28125,0.0,0.28125,0.005113636363636364,0.0,0.005113636363636364,31,96.875,0,0,0.0,0.0,0.0,0.0,0.0,0.0,32,100.0
112.0,117.78125,129.0,0,9,9,0.28125,0.0,0.28125,0.005113636363636364,0.0,0.005113636363636364,31,96.875,0,0,0.0,0.0,0.0,0.0,0.0,0.0,32,100.0
112.0,117.6875,127.0,0,9,9,0.28125,0.0,0.28125,0.005113636363636364,0.0,0.005113636363636364,31,96.875,0,0,0.0,0.0,0.0,0.0,0.0,0.0,32,100.0
112.0,118.15625,133.0,0,9,9,0.28125,0.0,0.28125,0.005113636363636364,0.0,0.005113636363636364,31,96.875,0,0,0.0,0.0,0.0,0.0,0.0,0.0,32,100.0
112.0,117.8125,126.0,0,9,9,0.28125,0.0,0.28125,0.005113636363636364,0.0,0.005113636363636364,31,96.875,0,0,0.0,0.0,0.0,0.0,0.0,0.0,32,100.0
112.0,118.90625,126.0,0,9,9,0.28125,0.0,0.28125,0.005113636363636364,0.0,0.005113636363636364,31,96.875,0,0,0.0,0.0,0.0,0.0,0.0,0.0,32,100.0
112.0,116.28125,126.0,0,9,9,0.28125,0.0,0.28125,0.005113636363636364,0.0,0.005113636363636364,31,96.875,0,0,0.0,0.0,0.0,0.0,0.0,0.0,32,100.0
112.0,120.3125,133.0,0,9,9,0.28125,0.0,0.28125,0.005113636363636364,0.0,0.005113636363636364,31,96.875,0,0,0.0,0.0,0.0,0.0,0.0,0.0,32,100.0
112.0,117.84375,130.0,0,9,9,0.28125,0.0,0.28125,0.005113636363636364,0.0,0.005113636363636364,31,96.875,0,0,0.0,0.0,0.0,0.0,0.0,0.0,32,100.0
112.0,118.46875,135.0,0,9,9,0.28125,0.0,0.28125,0.005113636363636364,0.0,0.005113636363636364,31,96.875,0,0,0.0,0.0,0.0,0.0,0.0,0.0,32,100.0
112.0,118.8125,131.0,0,9,9,0.28125,0.0,0.28125,0.005113636363636364,0.0,0.005113636363636364,31,96.875,0,0,0.0,0.0,0.0,0.0,0.0,0.0,32,100.0
112.0,117.5,133.0,0,9,9,0.28125,0.0,0.28125,0.005113636363636364,0.0,0.005113636363636364,31,96.875,0,0,0.0,0.0,0.0,0.0,0.0,0.0,32,100.0
112.0,117.75,135.0,0,9,9,0.28125,0.0,0.28125,0.005113636363636364,0.0,0.005113636363636364,31,96.875,0,0,0.0,0.0,0.0,0.0,0.0,0.0,32,100.0
112.0,117.34375,125.0,0,9,9,0.28125,0.0,0.28125,0.005113636363636364,0.0,0.005113636363636364,31,96.875,0,0,0.0,0.0,0.0,0.0,0.0,0.0,32,100.0
112.0,118.875,130.0,0,9,9,0.28125,0.0,0.28125,0.005113636363636364,0.0,0.005113636363636364,31,96.875,0,0,0.0,0.0,0.0,0.0,0.0,0.0,32,100.0
112.0,116.53125,126.0,0,9,9,0.28125,0.0,0.28125,0.005113636363636364,0.0,0.005113636363636364,31,96.875,0,0,0.0,0.0,0.0,0.0,0.0,0.0,32,100.0
112.0,118.15625,128.0,0,9,9,0.28125,0.0,0.28125,0.005113636363636364,0.0,0.005113636363636364,31,96.875,0,0,0.0,0.0,0.0,0.0,0.0,0.0,32,100.0
112.0,118.4375,130.0,0,9,9,0.28125,0.0,0.28125,0.005113636363636364,0.0,0.005113636363636364,31,96.875,0,0,0.0,0.0,0.0,0.0,0.0,0.0,32,100.0
112.0,118.34375,133.0,0,9,9,0.28125,0.0,0.28125,0.005113636363636364,0.0,0.005113636363636364,31,96.875,0,0,0.0,0.0,0.0,0.0,0.0,0.0,32,100.0
112.0,118.3125,132.0,0,9,9,0.28125,0.0,0.28125,0.005113636363636364,0.0,0.005113636363636364,31,96.875,0,0,0.0,0.0,0.0,0.0,0.0,0.0,32,100.0
112.0,118.5625,127.0,0,9,9,0.28125,0.0,0.28125,0.005113636363636364,0.0,0.005113636363636364,31,96.875,0,0,0.0,0.0,0.0,0.0,0.0,0.0,32,100.0
112.0,119.3125,133.0,0,9,9,0.28125,0.0,0.28125,0.005113636363636364,0.0,0.005113636363636364,31,96.875,0,0,0.0,0.0,0.0,0.0,0.0,0.0,32,100.0
112.0,117.90625,135.0,0,9,9,0.28125,0.0,0.28125,0.005113636363636364,0.0,0.005113636363636364,31,96.875,0,0,0.0,0.0,0.0,0.0,0.0,0.0,32,100.0
112.0,119.0,137.0,0,9,9,0.28125,0.0,0.28125,0.005113636363636364,0.0,0.005113636363636364,31,96.875,0,0,0.0,0.0,0.0,0.0,0.0,0.0,32,100.0
112.0,117.90625,126.0,0,9,9,0.28125,0.0,0.28125,0.005113636363636364,0.0,0.005113636363636364,31,96.875,0,0,0.0,0.0,0.0,0.0,0.0,0.0,32,100.0
112.0,118.4375,133.0,0,9,9,0.28125,0.0,0.28125,0.005113636363636364,0.0,0.005113636363636364,31,96.875,0,0,0.0,0.0,0.0,0.0,0.0,0.0,32,100.0
112.0,120.375,135.0,0,9,9,0.28125,0.0,0.28125,0.005113636363636364,0.0,0.005113636363636364,31,96.875,0,0,0.0,0.0,0.0,0.0,0.0,0.0,32,100.0
112.0,117.40625,128.0,0,9,9,0.28125,0.0,0.28125,0.005113636363636364,0.0,0.005113636363636364,31,96.875,0,0,0.0,0.0,0.0,0.0,0.0,0.0,32,100.0
112.0,117.5625,126.0,0,9,9,0.28125,0.0,0.28125,0.005113636363636364,0.0,0.005113636363636364,31,96.875,0,0,0.0,0.0,0.0,0.0,0.0,0.0,32,100.0
112.0,117.90625,129.0,0,9,9,0.28125,0.0,0.28125,0.005113636363636364,0.0,0.005113636363636364,31,96.875,0,0,0.0,0.0,0.0,0.0,0.0,0.0,32,100.0
112.0,118.96875,136.0,0,9,9,0.28125,0.0,0.28125,0.005113636363636364,0.0,0.005113636363636364,31,96.875,0,0,0.0,0.0,0.0,0.0,0.0,0.0,32,100.0
112.0,118.0,132.0,0,9,9,0.28125,0.0,0.28125,0.005113636363636364,0.0,0.005113636363636364,31,96.875,0,0,0.0,0.0,0.0,0.0,0.0,0.0,32,100.0
112.0,117.625,127.0,0,9,9,0.28125,0.0,0.28125,0.005113636363636364,0.0,0.005113636363636364,31,96.875,0,0,0.0,0.0,0.0,0.0,0.0,0.0,32,100.0
112.0,118.25,128.0,0,9,9,0.28125,0.0,0.28125,0.005113636363636364,0.0,0.005113636363636364,31,96.875,0,0,0.0,0.0,0.0,0.0,0.0,0.0,32,100.0
112.0,116.96875,125.0,0,9,9,0.28125,0.0,0.28125,0.005113636363636364,0.0,0.005113636363636364,31,96.875,0,0,0.0,0.0,0.0,0.0,0.0,0.0,32,100.0
112.0,117.90625,129.0,0,9,9,0.28125,0.0,0.28125,0.005113636363636364,0.0,0.005113636363636364,31,96.875,0,0,0.0,0.0,0.0,0.0,0.0,0.0,32,100.0
112.0,117.6875,136.0,0,9,9,0.28125,0.0,0.28125,0.005113636363636364,0.0,0.005113636363636364,31,96.875,0,0,0.0,0.0,0.0,0.0,0.0,0.0,32,100.0
112.0,118.21875,126.0,0,9,9,0.28125,0.0,0.28125,0.005113636363636364,0.0,0.005113636363636364,31,96.875,0,0,0.0,0.0,0.0,0.0,0.0,0.0,32,100.0
112.0,117.3125,125.0,0,9,9,0.28125,0.0,0.28125,0.005113636363636364,0.0,0.005113636363636364,31,96.875,0,0,0.0,0.0,0.0,0.0,0.0,0.0,32,100.0
112.0,117.53125,127.0,0,9,9,0.28125,0.0,0.28125,0.005113636363636364,0.0,0.005113636363636364,31,96.875,0,0,0.0,0.0,0.0,0.0,0.0,0.0,32,100.0
112.0,118.59375,130.0,0,9,9,0.28125,0.0,0.28125,0.005113636363636364,0.0,0.005113636363636364,31,96.875,0,0,0.0,0.0,0.0,0.0,0.0,0.0,32,100.0
112.0,118.34375,137.0,0,9,9,0.28125,0.0,0.28125,0.005113636363636364,0.0,0.005113636363636364,31,96.875,0,0,0.0,0.0,0.0,0.0,0.0,0.0,32,100.0
112.0,117.9375,129.0,0,9,9,0.28125,0.0,0.28125,0.005113636363636364,0.0,0.005113636363636364,31,96.875,0,0,0.0,0.0,0.0,0.0,0.0,0.0,32,100.0
112.0,118.59375,130.0,0,9,9,0.28125,0.0,0.28125,0.005113636363636364,0.0,0.005113636363636364,31,96.875,0,0,0.0,0.0,0.0,0.0,0.0,0.0,32,100.0
112.0,115.625,131.0,0,9,9,0.28125,0.0,0.28125,0.005113636363636364,0.0,0.005113636363636364,31,96.875,0,0,0.0,0.0,0.0,0.0,0.0,0.0,32,100.0
112.0,118.5625,132.0,0,9,9,0.28125,0.0,0.28125,0.005113636363636364,0.0,0.005113636363636364,31,96.875,0,0,0.0,0.0,0.0,0.0,0.0,0.0,32,100.0
112.0,116.125,135.0,0,9,9,0.28125,0.0,0.28125,0.005113636363636364,0.0,0.005113636363636364,31,96.875,0,0,0.0,0.0,0.0,0.0,0.0,0.0,32,100.0
112.0,118.96875,133.0,0,9,9,0.28125,0.0,0.28125,0.005113636363636364,0.0,0.005113636363636364,31,96.875,0,0,0.0,0.0,0.0,0.0,0.0,0.0,32,100.0
112.0,119.4375,130.0,0,9,9,0.28125,0.0,0.28125,0.005113636363636364,0.0,0.005113636363636364,31,96.875,0,0,0.0,0.0,0.0,0.0,0.0,0.0,32,100.0
112.0,118.3125,136.0,0,9,9,0.28125,0.0,0.28125,0.005113636363636364,0.0,0.005113636363636364,31,96.875,0,0,0.0,0.0,0.0,0.0,0.0,0.0,32,100.0
112.0,119.40625,139.0,0,9,9,0.28125,0.0,0.28125,0.005113636363636364,0.0,0.005113636363636364,31,96.875,0,0,0.0,0.0,0.0,0.0,0.0,0.0,32,100.0
112.0,118.1875,132.0,0,9,9,0.28125,0.0,0.28125,0.005113636363636364,0.0,0.005113636363636364,31,96.875,0,0,0.0,0.0,0.0,0.0,0.0,0.0,32,100.0
112.0,116.0625,130.0,0,9,9,0.28125,0.0,0.28125,0.005113636363636364,0.0,0.005113636363636364,31,96.875,0,0,0.0,0.0,0.0,0.0,0.0,0.0,32,100.0
112.0,118.75,134.0,0,9,9,0.28125,0.0,0.28125,0.005113636363636364,0.0,0.005113636363636364,31,96.875,0,0,0.0,0.0,0.0,0.0,0.0,0.0,32,100.0
112.0,117.8125,127.0,0,9,9,0.28125,0.0,0.28125,0.005113636363636364,0.0,0.005113636363636364,31,96.875,0,0,0.0,0.0,0.0,0.0,0.0,0.0,32,100.0
112.0,117.875,128.0,0,9,9,0.28125,0.0,0.28125,0.005113636363636364,0.0,0.005113636363636364,31,96.875,0,0,0.0,0.0,0.0,0.0,0.0,0.0,32,100.0
112.0,117.15625,128.0,0,9,9,0.28125,0.0,0.28125,0.005113636363636364,0.0,0.005113636363636364,31,96.875,0,0,0.0,0.0,0.0,0.0,0.0,0.0,32,100.0
112.0,118.5,128.0,0,9,9,0.28125,0.0,0.28125,0.005113636363636364,0.0,0.005113636363636364,31,96.875,0,0,0.0,0.0,0.0,0.0,0.0,0.0,32,100.0
112.0,115.90625,126.0,0,9,9,0.28125,0.0,0.28125,0.005113636363636364,0.0,0.005113636363636364,31,96.875,0,0,0.0,0.0,0.0,0.0,0.0,0.0,32,100.0
112.0,117.84375,127.0,0,9,9,0.28125,0.0,0.28125,0.005113636363636364,0.0,0.005113636363636364,31,96.875,0,0,0.0,0.0,0.0,0.0,0.0,0.0,32,100.0
112.0,117.4375,131.0,0,9,9,0.28125,0.0,0.28125,0.005113636363636364,0.0,0.005113636363636364,31,96.875,0,0,0.0,0.0,0.0,0.0,0.0,0.0,32,100.0
112.0,118.59375,127.0,0,9,9,0.28125,0.0,0.28125,0.005113636363636364,0.0,0.005113636363636364,31,96.875,0,0,0.0,0.0,0.0,0.0,0.0,0.0,32,100.0
112.0,117.0625,131.0,0,9,9,0.28125,0.0,0.28125,0.005113636363636364,0.0,0.005113636363636364,31,96.875,0,0,0.0,0.0,0.0,0.0,0.0,0.0,32,100.0
112.0,117.4375,126.0,0,9,9,0.28125,0.0,0.28125,0.005113636363636364,0.0,0.005113636363636364,31,96.875,0,0,0.0,0.0,0.0,0.0,0.0,0.0,32,100.0
112.0,118.0,130.0,0,9,9,0.28125,0.0,0.28125,0.005113636363636364,0.0,0.005113636363636364,31,96.875,0,0,0.0,0.0,0.0,0.0,0.0,0.0,32,100.0
112.0,117.6875,129.0,0,9,9,0.28125,0.0,0.28125,0.005113636363636364,0.0,0.005113636363636364,31,96.875,0,0,0.0,0.0,0.0,0.0,0.0,0.0,32,100.0
112.0,116.375,126.0,0,9,9,0.28125,0.0,0.28125,0.005113636363636364,0.0,0.005113636363636364,31,96.875,0,0,0.0,0.0,0.0,0.0,0.0,0.0,32,100.0
112.0,117.875,134.0,0,9,9,0.28125,0.0,0.28125,0.005113636363636364,0.0,0.005113636363636364,31,96.875,0,0,0.0,0.0,0.0,0.0,0.0,0.0,32,100.0
112.0,118.8125,131.0,0,9,9,0.28125,0.0,0.28125,0.005113636363636364,0.0,0.005113636363636364,31,96.875,0,0,0.0,0.0,0.0,0.0,0.0,0.0,32,100.0
112.0,119.625,131.0,0,9,9,0.28125,0.0,0.28125,0.005113636363636364,0.0,0.005113636363636364,31,96.875,0,0,0.0,0.0,0.0,0.0,0.0,0.0,32,100.0
112.0,116.28125,126.0,0,9,9,0.28125,0.0,0.28125,0.005113636363636364,0.0,0.005113636363636364,31,96.875,0,0,0.0,0.0,0.0,0.0,0.0,0.0,32,100.0
112.0,118.5625,130.0,0,9,9,0.28125,0.0,0.28125,0.005113636363636364,0.0,0.005113636363636364,31,96.875,0,0,0.0,0.0,0.0,0.0,0.0,0.0,32,100.0
112.0,118.15625,132.0,0,9,9,0.28125,0.0,0.28125,0.005113636363636364,0.0,0.005113636363636364,31,96.875,0,0,0.0,0.0,0.0,0.0,0.0,0.0,32,100.0
112.0,118.21875,131.0,0,9,9,0.28125,0.0,0.28125,0.005113636363636364,0.0,0.005113636363636364,31,96.875,0,0,0.0,0.0,0.0,0.0,0.0,0.0,32,100.0
112.0,118.65625,134.0,0,9,9,0.28125,0.0,0.28125,0.005113636363636364,0.0,0.005113636363636364,31,96.875,0,0,0.0,0.0,0.0,0.0,0.0,0.0,32,100.0
112.0,118.84375,129.0,0,9,9,0.28125,0.0,0.28125,0.005113636363636364,0.0,0.005113636363636364,31,96.875,0,0,0.0,0.0,0.0,0.0,0.0,0.0,32,100.0
112.0,116.875,126.0,0,9,9,0.28125,0.0,0.28125,0.005113636363636364,0.0,0.005113636363636364,31,96.875,0,0,0.0,0.0,0.0,0.0,0.0,0.0,32,100.0
112.0,118.21875,133.0,0,9,9,0.28125,0.0,0.28125,0.005113636363636364,0.0,0.005113636363636364,31,96.875,0,0,0.0,0.0,0.0,0.0,0.0,0.0,32,100.0
112.0,118.21875,134.0,0,9,9,0.28125,0.0,0.28125,0.005113636363636364,0.0,0.005113636363636364,31,96.875,0,0,0.0,0.0,0.0,0.0,0.0,0.0,32,100.0
112.0,118.4375,129.0,0,9,9,0.28125,0.0,0.28125,0.005113636363636364,0.0,0.005113636363636364,31,96.875,0,0,0.0,0.0,0.0,0.0,0.0,0.0,32,100.0
112.0,117.6875,127.0,0,9,9,0.28125,0.0,0.28125,0.005113636363636364,0.0,0.005113636363636364,31,96.875,0,0,0.0,0.0,0.0,0.0,0.0,0.0,32,100.0
112.0,117.71875,130.0,0,9,9,0.28125,0.0,0.28125,0.005113636363636364,0.0,0.005113636363636364,31,96.875,0,0,0.0,0.0,0.0,0.0,0.0,0.0,32,100.0
112.0,118.0625,133.0,0,9,9,0.28125,0.0,0.28125,0.005113636363636364,0.0,0.005113636363636364,31,96.875,0,0,0.0,0.0,0.0,0.0,0.0,0.0,32,100.0
112.0,116.6875,133.0,0,9,9,0.28125,0.0,0.28125,0.005113636363636364,0.0,0.005113636363636364,31,96.875,0,0,0.0,0.0,0.0,0.0,0.0,0.0,32,100.0
112.0,116.96875,126.0,0,9,9,0.28125,0.0,0.28125,0.005113636363636364,0.0,0.005113636363636364,31,96.875,0,0,0.0,0.0,0.0,0.0,0.0,0.0,32,100.0
112.0,116.4375,129.0,0,9,9,0.28125,0.0,0.28125,0.005113636363636364,0.0,0.005113636363636364,31,96.875,0,0,0.0,0.0,0.0,0.0,0.0,0.0,32,100.0
112.0,118.3125,127.0,0,9,9,0.28125,0.0,0.28125,0.005113636363636364,0.0,0.005113636363636364,31,96.875,0,0,0.0,0.0,0.0,0.0,0.0,0.0,32,100.0
112.0,118.3125,136.0,0,9,9,0.28125,0.0,0.28125,0.005113636363636364,0.0,0.005113636363636364,31,96.875,0,0,0.0,0.0,0.0,0.0,0.0,0.0,32,100.0
112.0,117.5,127.0,0,9,9,0.28125,0.0,0.28125,0.005113636363636364,0.0,0.005113636363636364,31,96.875,0,0,0.0,0.0,0.0,0.0,0.0,0.0,32,100.0
112.0,117.125,129.0,0,9,9,0.28125,0.0,0.28125,0.005113636363636364,0.0,0.005113636363636364,31,96.875,0,0,0.0,0.0,0.0,0.0,0.0,0.0,32,100.0
112.0,116.21875,135.0,0,9,9,0.28125,0.0,0.28125,0.005113636363636364,0.0,0.005113636363636364,31,96.875,0,0,0.0,0.0,0.0,0.0,0.0,0.0,32,100.0
112.0,119.3125,135.0,0,9,9,0.28125,0.0,0.28125,0.005113636363636364,0.0,0.005113636363636364,31,96.875,0,0,0.0,0.0,0.0,0.0,0.0,0.0,32,100.0
112.0,117.40625,133.0,0,9,9,0.28125,0.0,0.28125,0.005113636363636364,0.0,0.005113636363636364,31,96.875,0,0,0.0,0.0,0.0,0.0,0.0,0.0,32,100.0
112.0,119.0625,136.0,0,9,9,0.28125,0.0,0.28125,0.005113636363636364,0.0,0.005113636363636364,31,96.875,0,0,0.0,0.0,0.0,0.0,0.0,0.0,32,100.0
112.0,119.15625,128.0,0,9,9,0.28125,0.0,0.28125,0.005113636363636364,0.0,0.005113636363636364,31,96.875,0,0,0.0,0.0,0.0,0.0,0.0,0.0,32,100.0
112.0,116.8125,130.0,0,9,9,0.28125,0.0,0.28125,0.005113636363636364,0.0,0.005113636363636364,31,96.875,0,0,0.0,0.0,0.0,0.0,0.0,0.0,32,100.0
112.0,118.15625,135.0,0,9,9,0.28125,0.0,0.28125,0.005113636363636364,0.0,0.005113636363636364,31,96.875,0,0,0.0,0.0,0.0,0.0,0.0,0.0,32,100.0
112.0,118.6875,131.0,0,9,9,0.28125,0.0,0.28125,0.005113636363636364,0.0,0.005113636363636364,31,96.875,0,0,0.0,0.0,0.0,0.0,0.0,0.0,32,100.0
112.0,118.0,132.0,0,9,9,0.28125,0.0,0.28125,0.005113636363636364,0.0,0.005113636363636364,31,96.875,0,0,0.0,0.0,0.0,0.0,0.0,0.0,32,100.0
112.0,117.25,131.0,0,9,9,0.28125,0.0,0.28125,0.005113636363636364,0.0,0.005113636363636364,31,96.875,0,0,0.0,0.0,0.0,0.0,0.0,0.0,32,100.0
112.0,117.5625,132.0,0,9,9,0.28125,0.0,0.28125,0.005113636363636364,0.0,0.005113636363636364,31,96.875,0,0,0.0,0.0,0.0,0.0,0.0,0.0,32,100.0
112.0,120.21875,129.0,0,9,9,0.28125,0.0,0.28125,0.005113636363636364,0.0,0.005113636363636364,31,96.875,0,0,0.0,0.0,0.0,0.0,0.0,0.0,32,100.0
112.0,118.0,130.0,0,9,9,0.28125,0.0,0.28125,0.005113636363636364,0.0,0.005113636363636364,31,96.875,0,0,0.0,0.0,0.0,0.0,0.0,0.0,32,100.0
112.0,117.28125,126.0,0,9,9,0.28125,0.0,0.28125,0.005113636363636364,0.0,0.005113636363636364,31,96.875,0,0,0.0,0.0,0.0,0.0,0.0,0.0,32,100.0
112.0,118.25,129.0,0,9,9,0.28125,0.0,0.28125,0.005113636363636364,0.0,0.005113636363636364,31,96.875,0,0,0.0,0.0,0.0,0.0,0.0,0.0,32,100.0
112.0,118.0625,132.0,0,9,9,0.28125,0.0,0.28125,0.005113636363636364,0.0,0.005113636363636364,31,96.875,0,0,0.0,0.0,0.0,0.0,0.0,0.0,32,100.0
112.0,119.09375,130.0,0,9,9,0.28125,0.0,0.28125,0.005113636363636364,0.0,0.005113636363636364,31,96.875,0,0,0.0,0.0,0.0,0.0,0.0,0.0,32,100.0
112.0,117.8125,131.0,0,9,9,0.28125,0.0,0.28125,0.005113636363636364,0.0,0.005113636363636364,31,96.875,0,0,0.0,0.0,0.0,0.0,0.0,0.0,32,100.0
112.0,118.96875,135.0,0,9,9,0.28125,0.0,0.28125,0.005113636363636364,0.0,0.005113636363636364,31,96.875,0,0,0.0,0.0,0.0,0.0,0.0,0.0,32,100.0
112.0,118.09375,131.0,0,9,9,0.28125,0.0,0.28125,0.005113636363636364,0.0,0.005113636363636364,31,96.875,0,0,0.0,0.0,0.0,0.0,0.0,0.0,32,100.0
112.0,118.09375,132.0,0,9,9,0.28125,0.0,0.28125,0.005113636363636364,0.0,0.005113636363636364,31,96.875,0,0,0.0,0.0,0.0,0.0,0.0,0.0,32,100.0
112.0,116.84375,129.0,0,9,9,0.28125,0.0,0.28125,0.005113636363636364,0.0,0.005113636363636364,31,96.875,0,0,0.0,0.0,0.0,0.0,0.0,0.0,32,100.0
112.0,117.28125,128.0,0,9,9,0.28125,0.0,0.28125,0.005113636363636364,0.0,0.005113636363636364,31,96.875,0,0,0.0,0.0,0.0,0.0,0.0,0.0,32,100.0
112.0,117.5,133.0,0,9,9,0.28125,0.0,0.28125,0.005113636363636364,0.0,0.005113636363636364,31,96.875,0,0,0.0,0.0,0.0,0.0,0.0,0.0,32,100.0
112.0,119.53125,130.0,0,9,9,0.28125,0.0,0.28125,0.005113636363636364,0.0,0.005113636363636364,31,96.875,0,0,0.0,0.0,0.0,0.0,0.0,0.0,32,100.0
112.0,119.25,129.0,0,9,9,0.28125,0.0,0.28125,0.005113636363636364,0.0,0.005113636363636364,31,96.875,0,0,0.0,0.0,0.0,0.0,0.0,0.0,32,100.0
112.0,118.875,137.0,0,9,9,0.28125,0.0,0.28125,0.005113636363636364,0.0,0.005113636363636364,31,96.875,0,0,0.0,0.0,0.0,0.0,0.0,0.0,32,100.0
112.0,115.96875,124.0,0,9,9,0.28125,0.0,0.28125,0.005113636363636364,0.0,0.005113636363636364,31,96.875,0,0,0.0,0.0,0.0,0.0,0.0,0.0,32,100.0
112.0,116.625,127.0,0,9,9,0.28125,0.0,0.28125,0.005113636363636364,0.0,0.005113636363636364,31,96.875,0,0,0.0,0.0,0.0,0.0,0.0,0.0,32,100.0
112.0,119.5625,142.0,0,9,9,0.28125,0.0,0.28125,0.005113636363636364,0.0,0.005113636363636364,31,96.875,0,0,0.0,0.0,0.0,0.0,0.0,0.0,32,100.0
112.0,116.625,127.0,0,9,9,0.28125,0.0,0.28125,0.005113636363636364,0.0,0.005113636363636364,31,96.875,0,0,0.0,0.0,0.0,0.0,0.0,0.0,32,100.0
112.0,118.59375,132.0,0,9,9,0.28125,0.0,0.28125,0.005113636363636364,0.0,0.005113636363636364,31,96.875,0,0,0.0,0.0,0.0,0.0,0.0,0.0,32,100.0
112.0,117.40625,133.0,0,9,9,0.28125,0.0,0.28125,0.005113636363636364,0.0,0.005113636363636364,31,96.875,0,0,0.0,0.0,0.0,0.0,0.0,0.0,32,100.0
112.0,117.3125,125.0,0,9,9,0.28125,0.0,0.28125,0.005113636363636364,0.0,0.005113636363636364,31,96.875,0,0,0.0,0.0,0.0,0.0,0.0,0.0,32,100.0
112.0,120.125,136.0,0,9,9,0.28125,0.0,0.28125,0.005113636363636364,0.0,0.005113636363636364,31,96.875,0,0,0.0,0.0,0.0,0.0,0.0,0.0,32,100.0
112.0,118.96875,136.0,0,9,9,0.28125,0.0,0.28125,0.005113636363636364,0.0,0.005113636363636364,31,96.875,0,0,0.0,0.0,0.0,0.0,0.0,0.0,32,100.0
112.0,118.53125,138.0,0,9,9,0.28125,0.0,0.28125,0.005113636363636364,0.0,0.005113636363636364,31,96.875,0,0,0.0,0.0,0.0,0.0,0.0,0.0,32,100.0
112.0,118.1875,137.0,0,9,9,0.28125,0.0,0.28125,0.005113636363636364,0.0,0.005113636363636364,31,96.875,0,0,0.0,0.0,0.0,0.0,0.0,0.0,32,100.0
112.0,117.21875,128.0,0,9,9,0.28125,0.0,0.28125,0.005113636363636364,0.0,0.005113636363636364,31,96.875,0,0,0.0,0.0,0.0,0.0,0.0,0.0,32,100.0
112.0,116.3125,128.0,0,9,9,0.28125,0.0,0.28125,0.005113636363636364,0.0,0.005113636363636364,31,96.875,0,0,0.0,0.0,0.0,0.0,0.0,0.0,32,100.0
112.0,116.9375,127.0,0,9,9,0.28125,0.0,0.28125,0.005113636363636364,0.0,0.005113636363636364,31,96.875,0,0,0.0,0.0,0.0,0.0,0.0,0.0,32,100.0
112.0,117.90625,133.0,0,9,9,0.28125,0.0,0.28125,0.005113636363636364,0.0,0.005113636363636364,31,96.875,0,0,0.0,0.0,0.0,0.0,0.0,0.0,32,100.0
112.0,118.1875,133.0,0,9,9,0.28125,0.0,0.28125,0.005113636363636364,0.0,0.005113636363636364,31,96.875,0,0,0.0,0.0,0.0,0.0,0.0,0.0,32,100.0
112.0,119.6875,139.0,0,9,9,0.28125,0.0,0.28125,0.005113636363636364,0.0,0.005113636363636364,31,96.875,0,0,0.0,0.0,0.0,0.0,0.0,0.0,32,100.0
112.0,117.84375,126.0,0,9,9,0.28125,0.0,0.28125,0.005113636363636364,0.0,0.005113636363636364,31,96.875,0,0,0.0,0.0,0.0,0.0,0.0,0.0,32,100.0
112.0,117.125,131.0,0,9,9,0.28125,0.0,0.28125,0.005113636363636364,0.0,0.005113636363636364,31,96.875,0,0,0.0,0.0,0.0,0.0,0.0,0.0,32,100.0
112.0,118.59375,130.0,0,9,9,0.28125,0.0,0.28125,0.005113636363636364,0.0,0.005113636363636364,31,96.875,0,0,0.0,0.0,0.0,0.0,0.0,0.0,32,100.0
112.0,117.90625,128.0,0,9,9,0.28125,0.0,0.28125,0.005113636363636364,0.0,0.005113636363636364,31,96.875,0,0,0.0,0.0,0.0,0.0,0.0,0.0,32,100.0
112.0,118.0,137.0,0,9,9,0.28125,0.0,0.28125,0.005113636363636364,0.0,0.005113636363636364,31,96.875,0,0,0.0,0.0,0.0,0.0,0.0,0.0,32,100.0
112.0,118.625,131.0,0,9,9,0.28125,0.0,0.28125,0.005113636363636364,0.0,0.005113636363636364,31,96.875,0,0,0.0,0.0,0.0,0.0,0.0,0.0,32,100.0
112.0,117.90625,133.0,0,9,9,0.28125,0.0,0.28125,0.005113636363636364,0.0,0.005113636363636364,31,96.875,0,0,0.0,0.0,0.0,0.0,0.0,0.0,32,100.0
112.0,117.5625,131.0,0,9,9,0.28125,0.0,0.28125,0.005113636363636364,0.0,0.005113636363636364,31,96.875,0,0,0.0,0.0,0.0,0.0,0.0,0.0,32,100.0
112.0,118.75,133.0,0,9,9,0.28125,0.0,0.28125,0.005113636363636364,0.0,0.005113636363636364,31,96.875,0,0,0.0,0.0,0.0,0.0,0.0,0.0,32,100.0
112.0,117.90625,132.0,0,9,9,0.28125,0.0,0.28125,0.005113636363636364,0.0,0.005113636363636364,31,96.875,0,0,0.0,0.0,0.0,0.0,0.0,0.0,32,100.0
112.0,117.21875,133.0,0,9,9,0.28125,0.0,0.28125,0.005113636363636364,0.0,0.005113636363636364,31,96.875,0,0,0.0,0.0,0.0,0.0,0.0,0.0,32,100.0
112.0,115.75,127.0,0,9,9,0.28125,0.0,0.28125,0.005113636363636364,0.0,0.005113636363636364,31,96.875,0,0,0.0,0.0,0.0,0.0,0.0,0.0,32,100.0
112.0,119.59375,129.0,0,9,9,0.28125,0.0,0.28125,0.005113636363636364,0.0,0.005113636363636364,31,96.875,0,0,0.0,0.0,0.0,0.0,0.0,0.0,32,100.0
112.0,116.625,125.0,0,9,9,0.28125,0.0,0.28125,0.005113636363636364,0.0,0.005113636363636364,31,96.875,0,0,0.0,0.0,0.0,0.0,0.0,0.0,32,100.0
112.0,118.09375,134.0,0,9,9,0.28125,0.0,0.28125,0.005113636363636364,0.0,0.005113636363636364,31,96.875,0,0,0.0,0.0,0.0,0.0,0.0,0.0,32,100.0
112.0,117.46875,130.0,0,9,9,0.28125,0.0,0.28125,0.005113636363636364,0.0,0.005113636363636364,31,96.875,0,0,0.0,0.0,0.0,0.0,0.0,0.0,32,100.0
112.0,118.375,129.0,0,9,9,0.28125,0.0,0.28125,0.005113636363636364,0.0,0.005113636363636364,31,96.875,0,0,0.0,0.0,0.0,0.0,0.0,0.0,32,100.0
112.0,118.3125,131.0,0,9,9,0.28125,0.0,0.28125,0.005113636363636364,0.0,0.005113636363636364,31,96.875,0,0,0.0,0.0,0.0,0.0,0.0,0.0,32,100.0
112.0,118.25,130.0,0,9,9,0.28125,0.0,0.28125,0.005113636363636364,0.0,0.005113636363636364,31,96.875,0,0,0.0,0.0,0.0,0.0,0.0,0.0,32,100.0
112.0,118.09375,132.0,0,9,9,0.28125,0.0,0.28125,0.005113636363636364,0.0,0.005113636363636364,31,96.875,0,0,0.0,0.0,0.0,0.0,0.0,0.0,32,100.0
112.0,117.5625,128.0,0,9,9,0.28125,0.0,0.28125,0.005113636363636364,0.0,0.005113636363636364,31,96.875,0,0,0.0,0.0,0.0,0.0,0.0,0.0,32,100.0
112.0,118.78125,129.0,0,9,9,0.28125,0.0,0.28125,0.005113636363636364,0.0,0.005113636363636364,31,96.875,0,0,0.0,0.0,0.0,0.0,0.0,0.0,32,100.0
112.0,116.375,129.0,0,9,9,0.28125,0.0,0.28125,0.005113636363636364,0.0,0.005113636363636364,31,96.875,0,0,0.0,0.0,0.0,0.0,0.0,0.0,32,100.0
112.0,119.3125,132.0,0,9,9,0.28125,0.0,0.28125,0.005113636363636364,0.0,0.005113636363636364,31,96.875,0,0,0.0,0.0,0.0,0.0,0.0,0.0,32,100.0
112.0,118.0625,126.0,0,9,9,0.28125,0.0,0.28125,0.005113636363636364,0.0,0.005113636363636364,31,96.875,0,0,0.0,0.0,0.0,0.0,0.0,0.0,32,100.0
112.0,117.6875,127.0,0,9,9,0.28125,0.0,0.28125,0.005113636363636364,0.0,0.005113636363636364,31,96.875,0,0,0.0,0.0,0.0,0.0,0.0,0.0,32,100.0
112.0,117.3125,128.0,0,9,9,0.28125,0.0,0.28125,0.005113636363636364,0.0,0.005113636363636364,31,96.875,0,0,0.0,0.0,0.0,0.0,0.0,0.0,32,100.0
112.0,118.34375,135.0,0,9,9,0.28125,0.0,0.28125,0.005113636363636364,0.0,0.005113636363636364,31,96.875,0,0,0.0,0.0,0.0,0.0,0.0,0.0,32,100.0
112.0,117.71875,129.0,0,9,9,0.28125,0.0,0.28125,0.005113636363636364,0.0,0.005113636363636364,31,96.875,0,0,0.0,0.0,0.0,0.0,0.0,0.0,32,100.0
112.0,117.03125,136.0,0,9,9,0.28125,0.0,0.28125,0.005113636363636364,0.0,0.005113636363636364,31,96.875,0,0,0.0,0.0,0.0,0.0,0.0,0.0,32,100.0
112.0,119.03125,137.0,0,9,9,0.28125,0.0,0.28125,0.005113636363636364,0.0,0.005113636363636364,31,96.875,0,0,0.0,0.0,0.0,0.0,0.0,0.0,32,100.0
112.0,118.84375,134.0,0,9,9,0.28125,0.0,0.28125,0.005113636363636364,0.0,0.005113636363636364,31,96.875,0,0,0.0,0.0,0.0,0.0,0.0,0.0,32,100.0
112.0,118.0,133.0,0,9,9,0.28125,0.0,0.28125,0.005113636363636364,0.0,0.005113636363636364,31,96.875,0,0,0.0,0.0,0.0,0.0,0.0,0.0,32,100.0
112.0,117.6875,131.0,0,9,9,0.28125,0.0,0.28125,0.005113636363636364,0.0,0.005113636363636364,31,96.875,0,0,0.0,0.0,0.0,0.0,0.0,0.0,32,100.0
112.0,118.875,130.0,0,9,9,0.28125,0.0,0.28125,0.005113636363636364,0.0,0.005113636363636364,31,96.875,0,0,0.0,0.0,0.0,0.0,0.0,0.0,32,100.0
112.0,117.0625,125.0,0,9,9,0.28125,0.0,0.28125,0.005113636363636364,0.0,0.005113636363636364,31,96.875,0,0,0.0,0.0,0.0,0.0,0.0,0.0,32,100.0
112.0,119.125,135.0,0,9,9,0.28125,0.0,0.28125,0.005113636363636364,0.0,0.005113636363636364,31,96.875,0,0,0.0,0.0,0.0,0.0,0.0,0.0,32,100.0
112.0,118.4375,139.0,0,9,9,0.28125,0.0,0.28125,0.005113636363636364,0.0,0.005113636363636364,31,96.875,0,0,0.0,0.0,0.0,0.0,0.0,0.0,32,100.0
112.0,118.5,141.0,0,9,9,0.28125,0.0,0.28125,0.005113636363636364,0.0,0.005113636363636364,31,96.875,0,0,0.0,0.0,0.0,0.0,0.0,0.0,32,100.0
112.0,117.5625,133.0,0,9,9,0.28125,0.0,0.28125,0.005113636363636364,0.0,0.005113636363636364,31,96.875,0,0,0.0,0.0,0.0,0.0,0.0,0.0,32,100.0
112.0,116.875,132.0,0,9,9,0.28125,0.0,0.28125,0.005113636363636364,0.0,0.005113636363636364,31,96.875,0,0,0.0,0.0,0.0,0.0,0.0,0.0,32,100.0
112.0,119.09375,126.0,0,9,9,0.28125,0.0,0.28125,0.005113636363636364,0.0,0.005113636363636364,31,96.875,0,0,0.0,0.0,0.0,0.0,0.0,0.0,32,100.0
112.0,117.6875,128.0,0,9,9,0.28125,0.0,0.28125,0.005113636363636364,0.0,0.005113636363636364,31,96.875,0,0,0.0,0.0,0.0,0.0,0.0,0.0,32,100.0
112.0,119.25,130.0,0,9,9,0.28125,0.0,0.28125,0.005113636363636364,0.0,0.005113636363636364,31,96.875,0,0,0.0,0.0,0.0,0.0,0.0,0.0,32,100.0
112.0,119.25,137.0,0,9,9,0.28125,0.0,0.28125,0.005113636363636364,0.0,0.005113636363636364,31,96.875,0,0,0.0,0.0,0.0,0.0,0.0,0.0,32,100.0
112.0,117.875,128.0,0,9,9,0.28125,0.0,0.28125,0.005113636363636364,0.0,0.005113636363636364,31,96.875,0,0,0.0,0.0,0.0,0.0,0.0,0.0,32,100.0
112.0,116.71875,128.0,0,9,9,0.28125,0.0,0.28125,0.005113636363636364,0.0,0.005113636363636364,31,96.875,0,0,0.0,0.0,0.0,0.0,0.0,0.0,32,100.0
112.0,119.59375,132.0,0,9,9,0.28125,0.0,0.28125,0.005113636363636364,0.0,0.005113636363636364,31,96.875,0,0,0.0,0.0,0.0,0.0,0.0,0.0,32,100.0
112.0,117.4375,128.0,0,9,9,0.28125,0.0,0.28125,0.005113636363636364,0.0,0.005113636363636364,31,96.875,0,0,0.0,0.0,0.0,0.0,0.0,0.0,32,100.0
112.0,116.71875,125.0,0,9,9,0.28125,0.0,0.28125,0.005113636363636364,0.0,0.005113636363636364,31,96.875,0,0,0.0,0.0,0.0,0.0,0.0,0.0,32,100.0
112.0,117.21875,126.0,0,9,9,0.28125,0.0,0.28125,0.005113636363636364,0.0,0.005113636363636364,31,96.875,0,0,0.0,0.0,0.0,0.0,0.0,0.0,32,100.0
112.0,118.875,126.0,0,9,9,0.28125,0.0,0.28125,0.005113636363636364,0.0,0.005113636363636364,31,96.875,0,0,0.0,0.0,0.0,0.0,0.0,0.0,32,100.0
112.0,118.90625,131.0,0,9,9,0.28125,0.0,0.28125,0.005113636363636364,0.0,0.005113636363636364,31,96.875,0,0,0.0,0.0,0.0,0.0,0.0,0.0,32,100.0
112.0,118.28125,132.0,0,9,9,0.28125,0.0,0.28125,0.005113636363636364,0.0,0.005113636363636364,31,96.875,0,0,0.0,0.0,0.0,0.0,0.0,0.0,32,100.0
112.0,118.25,133.0,0,9,9,0.28125,0.0,0.28125,0.005113636363636364,0.0,0.005113636363636364,31,96.875,0,0,0.0,0.0,0.0,0.0,0.0,0.0,32,100.0
112.0,118.125,128.0,0,9,9,0.28125,0.0,0.28125,0.005113636363636364,0.0,0.005113636363636364,31,96.875,0,0,0.0,0.0,0.0,0.0,0.0,0.0,32,100.0
112.0,118.71875,127.0,0,9,9,0.28125,0.0,0.28125,0.005113636363636364,0.0,0.005113636363636364,31,96.875,0,0,0.0,0.0,0.0,0.0,0.0,0.0,32,100.0
112.0,118.125,129.0,0,9,9,0.28125,0.0,0.28125,0.005113636363636364,0.0,0.005113636363636364,31,96.875,0,0,0.0,0.0,0.0,0.0,0.0,0.0,32,100.0
112.0,117.0625,127.0,0,9,9,0.28125,0.0,0.28125,0.005113636363636364,0.0,0.005113636363636364,31,96.875,0,0,0.0,0.0,0.0,0.0,0.0,0.0,32,100.0
112.0,118.0625,133.0,0,9,9,0.28125,0.0,0.28125,0.005113636363636364,0.0,0.005113636363636364,31,96.875,0,0,0.0,0.0,0.0,0.0,0.0,0.0,32,100.0
112.0,117.34375,132.0,0,9,9,0.28125,0.0,0.28125,0.005113636363636364,0.0,0.005113636363636364,31,96.875,0,0,0.0,0.0,0.0,0.0,0.0,0.0,32,100.0
112.0,117.09375,128.0,0,9,9,0.28125,0.0,0.28125,0.005113636363636364,0.0,0.005113636363636364,31,96.875,0,0,0.0,0.0,0.0,0.0,0.0,0.0,32,100.0
112.0,118.75,136.0,0,9,9,0.28125,0.0,0.28125,0.005113636363636364,0.0,0.005113636363636364,31,96.875,0,0,0.0,0.0,0.0,0.0,0.0,0.0,32,100.0
112.0,117.03125,123.0,0,9,9,0.28125,0.0,0.28125,0.005113636363636364,0.0,0.005113636363636364,31,96.875,0,0,0.0,0.0,0.0,0.0,0.0,0.0,32,100.0
112.0,118.0625,128.0,0,9,9,0.28125,0.0,0.28125,0.005113636363636364,0.0,0.005113636363636364,31,96.875,0,0,0.0,0.0,0.0,0.0,0.0,0.0,32,100.0
112.0,117.96875,137.0,0,9,9,0.28125,0.0,0.28125,0.005113636363636364,0.0,0.005113636363636364,31,96.875,0,0,0.0,0.0,0.0,0.0,0.0,0.0,32,100.0
112.0,118.65625,133.0,0,9,9,0.28125,0.0,0.28125,0.005113636363636364,0.0,0.005113636363636364,31,96.875,0,0,0.0,0.0,0.0,0.0,0.0,0.0,32,100.0
112.0,117.46875,129.0,0,9,9,0.28125,0.0,0.28125,0.005113636363636364,0.0,0.005113636363636364,31,96.875,0,0,0.0,0.0,0.0,0.0,0.0,0.0,32,100.0
112.0,117.5625,126.0,0,9,9,0.28125,0.0,0.28125,0.005113636363636364,0.0,0.005113636363636364,31,96.875,0,0,0.0,0.0,0.0,0.0,0.0,0.0,32,100.0
112.0,117.75,126.0,0,9,9,0.28125,0.0,0.28125,0.005113636363636364,0.0,0.005113636363636364,31,96.875,0,0,0.0,0.0,0.0,0.0,0.0,0.0,32,100.0
112.0,117.71875,135.0,0,9,9,0.28125,0.0,0.28125,0.005113636363636364,0.0,0.005113636363636364,31,96.875,0,0,0.0,0.0,0.0,0.0,0.0,0.0,32,100.0
112.0,118.75,133.0,0,9,9,0.28125,0.0,0.28125,0.005113636363636364,0.0,0.005113636363636364,31,96.875,0,0,0.0,0.0,0.0,0.0,0.0,0.0,32,100.0
112.0,117.09375,132.0,0,9,9,0.28125,0.0,0.28125,0.005113636363636364,0.0,0.005113636363636364,31,96.875,0,0,0.0,0.0,0.0,0.0,0.0,0.0,32,100.0
112.0,117.09375,127.0,0,9,9,0.28125,0.0,0.28125,0.005113636363636364,0.0,0.005113636363636364,31,96.875,0,0,0.0,0.0,0.0,0.0,0.0,0.0,32,100.0
112.0,117.40625,133.0,0,9,9,0.28125,0.0,0.28125,0.005113636363636364,0.0,0.005113636363636364,31,96.875,0,0,0.0,0.0,0.0,0.0,0.0,0.0,32,100.0
112.0,118.65625,132.0,0,9,9,0.28125,0.0,0.28125,0.005113636363636364,0.0,0.005113636363636364,31,96.875,0,0,0.0,0.0,0.0,0.0,0.0,0.0,32,100.0
112.0,117.65625,128.0,0,9,9,0.28125,0.0,0.28125,0.005113636363636364,0.0,0.005113636363636364,31,96.875,0,0,0.0,0.0,0.0,0.0,0.0,0.0,32,100.0
112.0,117.0625,128.0,0,9,9,0.28125,0.0,0.28125,0.005113636363636364,0.0,0.005113636363636364,31,96.875,0,0,0.0,0.0,0.0,0.0,0.0,0.0,32,100.0
112.0,119.40625,133.0,0,9,9,0.28125,0.0,0.28125,0.005113636363636364,0.0,0.005113636363636364,31,96.875,0,0,0.0,0.0,0.0,0.0,0.0,0.0,32,100.0
112.0,116.84375,126.0,0,9,9,0.28125,0.0,0.28125,0.005113636363636364,0.0,0.005113636363636364,31,96.875,0,0,0.0,0.0,0.0,0.0,0.0,0.0,32,100.0
112.0,117.125,131.0,0,9,9,0.28125,0.0,0.28125,0.005113636363636364,0.0,0.005113636363636364,31,96.875,0,0,0.0,0.0,0.0,0.0,0.0,0.0,32,100.0
112.0,117.71875,130.0,0,9,9,0.28125,0.0,0.28125,0.005113636363636364,0.0,0.005113636363636364,31,96.875,0,0,0.0,0.0,0.0,0.0,0.0,0.0,32,100.0
112.0,117.15625,128.0,0,9,9,0.28125,0.0,0.28125,0.005113636363636364,0.0,0.005113636363636364,31,96.875,0,0,0.0,0.0,0.0,0.0,0.0,0.0,32,100.0
112.0,118.0,137.0,0,9,9,0.28125,0.0,0.28125,0.005113636363636364,0.0,0.005113636363636364,31,96.875,0,0,0.0,0.0,0.0,0.0,0.0,0.0,32,100.0
112.0,117.71875,133.0,0,9,9,0.28125,0.0,0.28125,0.005113636363636364,0.0,0.005113636363636364,31,96.875,0,0,0.0,0.0,0.0,0.0,0.0,0.0,32,100.0
112.0,116.8125,127.0,0,9,9,0.28125,0.0,0.28125,0.005113636363636364,0.0,0.005113636363636364,31,96.875,0,0,0.0,0.0,0.0,0.0,0.0,0.0,32,100.0
112.0,116.90625,127.0,0,9,9,0.28125,0.0,0.28125,0.005113636363636364,0.0,0.005113636363636364,31,96.875,0,0,0.0,0.0,0.0,0.0,0.0,0.0,32,100.0
112.0,119.03125,128.0,0,9,9,0.28125,0.0,0.28125,0.005113636363636364,0.0,0.005113636363636364,31,96.875,0,0,0.0,0.0,0.0,0.0,0.0,0.0,32,100.0
112.0,116.15625,123.0,0,9,9,0.28125,0.0,0.28125,0.005113636363636364,0.0,0.005113636363636364,31,96.875,0,0,0.0,0.0,0.0,0.0,0.0,0.0,32,100.0
112.0,117.46875,129.0,0,9,9,0.28125,0.0,0.28125,0.005113636363636364,0.0,0.005113636363636364,31,96.875,0,0,0.0,0.0,0.0,0.0,0.0,0.0,32,100.0
112.0,116.71875,126.0,0,9,9,0.28125,0.0,0.28125,0.005113636363636364,0.0,0.005113636363636364,31,96.875,0,0,0.0,0.0,0.0,0.0,0.0,0.0,32,100.0
112.0,118.15625,130.0,0,9,9,0.28125,0.0,0.28125,0.005113636363636364,0.0,0.005113636363636364,31,96.875,0,0,0.0,0.0,0.0,0.0,0.0,0.0,32,100.0
112.0,116.59375,127.0,0,9,9,0.28125,0.0,0.28125,0.005113636363636364,0.0,0.005113636363636364,31,96.875,0,0,0.0,0.0,0.0,0.0,0.0,0.0,32,100.0
112.0,118.40625,132.0,0,9,9,0.28125,0.0,0.28125,0.005113636363636364,0.0,0.005113636363636364,31,96.875,0,0,0.0,0.0,0.0,0.0,0.0,0.0,32,100.0
112.0,118.0625,129.0,0,9,9,0.28125,0.0,0.28125,0.005113636363636364,0.0,0.005113636363636364,31,96.875,0,0,0.0,0.0,0.0,0.0,0.0,0.0,32,100.0
112.0,118.125,127.0,0,9,9,0.28125,0.0,0.28125,0.005113636363636364,0.0,0.005113636363636364,31,96.875,0,0,0.0,0.0,0.0,0.0,0.0,0.0,32,100.0
112.0,116.96875,126.0,0,9,9,0.28125,0.0,0.28125,0.005113636363636364,0.0,0.005113636363636364,31,96.875,0,0,0.0,0.0,0.0,0.0,0.0,0.0,32,100.0
112.0,118.125,139.0,0,9,9,0.28125,0.0,0.28125,0.005113636363636364,0.0,0.005113636363636364,31,96.875,0,0,0.0,0.0,0.0,0.0,0.0,0.0,32,100.0
112.0,118.0,140.0,0,9,9,0.28125,0.0,0.28125,0.005113636363636364,0.0,0.005113636363636364,31,96.875,0,0,0.0,0.0,0.0,0.0,0.0,0.0,32,100.0
112.0,118.375,128.0,0,9,9,0.28125,0.0,0.28125,0.005113636363636364,0.0,0.005113636363636364,31,96.875,0,0,0.0,0.0,0.0,0.0,0.0,0.0,32,100.0
112.0,117.9375,132.0,0,9,9,0.28125,0.0,0.28125,0.005113636363636364,0.0,0.005113636363636364,31,96.875,0,0,0.0,0.0,0.0,0.0,0.0,0.0,32,100.0
112.0,117.5,129.0,0,9,9,0.28125,0.0,0.28125,0.005113636363636364,0.0,0.005113636363636364,31,96.875,0,0,0.0,0.0,0.0,0.0,0.0,0.0,32,100.0
112.0,117.78125,126.0,0,9,9,0.28125,0.0,0.28125,0.005113636363636364,0.0,0.005113636363636364,31,96.875,0,0,0.0,0.0,0.0,0.0,0.0,0.0,32,100.0
112.0,119.09375,130.0,0,9,9,0.28125,0.0,0.28125,0.005113636363636364,0.0,0.005113636363636364,31,96.875,0,0,0.0,0.0,0.0,0.0,0.0,0.0,32,100.0
112.0,117.125,130.0,0,9,9,0.28125,0.0,0.28125,0.005113636363636364,0.0,0.005113636363636364,31,96.875,0,0,0.0,0.0,0.0,0.0,0.0,0.0,32,100.0
112.0,116.34375,128.0,0,9,9,0.28125,0.0,0.28125,0.005113636363636364,0.0,0.005113636363636364,31,96.875,0,0,0.0,0.0,0.0,0.0,0.0,0.0,32,100.0
112.0,116.1875,128.0,0,9,9,0.28125,0.0,0.28125,0.005113636363636364,0.0,0.005113636363636364,31,96.875,0,0,0.0,0.0,0.0,0.0,0.0,0.0,32,100.0
112.0,119.90625,146.0,0,9,9,0.28125,0.0,0.28125,0.005113636363636364,0.0,0.005113636363636364,31,96.875,0,0,0.0,0.0,0.0,0.0,0.0,0.0,32,100.0
112.0,118.0625,126.0,0,9,9,0.28125,0.0,0.28125,0.005113636363636364,0.0,0.005113636363636364,31,96.875,0,0,0.0,0.0,0.0,0.0,0.0,0.0,32,100.0
112.0,118.53125,131.0,0,9,9,0.28125,0.0,0.28125,0.005113636363636364,0.0,0.005113636363636364,31,96.875,0,0,0.0,0.0,0.0,0.0,0.0,0.0,32,100.0
112.0,119.25,136.0,0,9,9,0.28125,0.0,0.28125,0.005113636363636364,0.0,0.005113636363636364,31,96.875,0,0,0.0,0.0,0.0,0.0,0.0,0.0,32,100.0
112.0,116.78125,129.0,0,9,9,0.28125,0.0,0.28125,0.005113636363636364,0.0,0.005113636363636364,31,96.875,0,0,0.0,0.0,0.0,0.0,0.0,0.0,32,100.0
112.0,117.1875,129.0,0,9,9,0.28125,0.0,0.28125,0.005113636363636364,0.0,0.005113636363636364,31,96.875,0,0,0.0,0.0,0.0,0.0,0.0,0.0,32,100.0
112.0,118.625,130.0,0,9,9,0.28125,0.0,0.28125,0.005113636363636364,0.0,0.005113636363636364,31,96.875,0,0,0.0,0.0,0.0,0.0,0.0,0.0,32,100.0
112.0,118.9375,135.0,0,9,9,0.28125,0.0,0.28125,0.005113636363636364,0.0,0.005113636363636364,31,96.875,0,0,0.0,0.0,0.0,0.0,0.0,0.0,32,100.0
112.0,118.3125,130.0,0,9,9,0.28125,0.0,0.28125,0.005113636363636364,0.0,0.005113636363636364,31,96.875,0,0,0.0,0.0,0.0,0.0,0.0,0.0,32,100.0
112.0,119.6875,132.0,0,9,9,0.28125,0.0,0.28125,0.005113636363636364,0.0,0.005113636363636364,31,96.875,0,0,0.0,0.0,0.0,0.0,0.0,0.0,32,100.0
112.0,117.71875,131.0,0,9,9,0.28125,0.0,0.28125,0.005113636363636364,0.0,0.005113636363636364,31,96.875,0,0,0.0,0.0,0.0,0.0,0.0,0.0,32,100.0
112.0,117.9375,127.0,0,9,9,0.28125,0.0,0.28125,0.005113636363636364,0.0,0.005113636363636364,31,96.875,0,0,0.0,0.0,0.0,0.0,0.0,0.0,32,100.0
112.0,116.40625,124.0,0,9,9,0.28125,0.0,0.28125,0.005113636363636364,0.0,0.005113636363636364,31,96.875,0,0,0.0,0.0,0.0,0.0,0.0,0.0,32,100.0
112.0,118.03125,136.0,0,9,9,0.28125,0.0,0.28125,0.005113636363636364,0.0,0.005113636363636364,31,96.875,0,0,0.0,0.0,0.0,0.0,0.0,0.0,32,100.0
112.0,119.0,138.0,0,9,9,0.28125,0.0,0.28125,0.005113636363636364,0.0,0.005113636363636364,31,96.875,0,0,0.0,0.0,0.0,0.0,0.0,0.0,32,100.0
112.0,115.65625,125.0,0,9,9,0.28125,0.0,0.28125,0.005113636363636364,0.0,0.005113636363636364,31,96.875,0,0,0.0,0.0,0.0,0.0,0.0,0.0,32,100.0
112.0,117.46875,126.0,0,9,9,0.28125,0.0,0.28125,0.005113636363636364,0.0,0.005113636363636364,31,96.875,0,0,0.0,0.0,0.0,0.0,0.0,0.0,32,100.0
112.0,118.15625,131.0,0,9,9,0.28125,0.0,0.28125,0.005113636363636364,0.0,0.005113636363636364,31,96.875,0,0,0.0,0.0,0.0,0.0,0.0,0.0,32,100.0
112.0,117.0,128.0,0,9,9,0.28125,0.0,0.28125,0.005113636363636364,0.0,0.005113636363636364,31,96.875,0,0,0.0,0.0,0.0,0.0,0.0,0.0,32,100.0
112.0,118.6875,140.0,0,9,9,0.28125,0.0,0.28125,0.005113636363636364,0.0,0.005113636363636364,31,96.875,0,0,0.0,0.0,0.0,0.0,0.0,0.0,32,100.0
112.0,117.375,125.0,0,9,9,0.28125,0.0,0.28125,0.005113636363636364,0.0,0.005113636363636364,31,96.875,0,0,0.0,0.0,0.0,0.0,0.0,0.0,32,100.0
112.0,117.8125,142.0,0,9,9,0.28125,0.0,0.28125,0.005113636363636364,0.0,0.005113636363636364,31,96.875,0,0,0.0,0.0,0.0,0.0,0.0,0.0,32,100.0
112.0,117.40625,131.0,0,9,9,0.28125,0.0,0.28125,0.005113636363636364,0.0,0.005113636363636364,31,96.875,0,0,0.0,0.0,0.0,0.0,0.0,0.0,32,100.0
112.0,118.75,131.0,0,9,9,0.28125,0.0,0.28125,0.005113636363636364,0.0,0.005113636363636364,31,96.875,0,0,0.0,0.0,0.0,0.0,0.0,0.0,32,100.0
112.0,117.28125,128.0,0,9,9,0.28125,0.0,0.28125,0.005113636363636364,0.0,0.005113636363636364,31,96.875,0,0,0.0,0.0,0.0,0.0,0.0,0.0,32,100.0
112.0,117.125,134.0,0,9,9,0.28125,0.0,0.28125,0.005113636363636364,0.0,0.005113636363636364,31,96.875,0,0,0.0,0.0,0.0,0.0,0.0,0.0,32,100.0
112.0,117.78125,136.0,0,9,9,0.28125,0.0,0.28125,0.005113636363636364,0.0,0.005113636363636364,31,96.875,0,0,0.0,0.0,0.0,0.0,0.0,0.0,32,100.0
112.0,119.53125,131.0,0,9,9,0.28125,0.0,0.28125,0.005113636363636364,0.0,0.005113636363636364,31,96.875,0,0,0.0,0.0,0.0,0.0,0.0,0.0,32,100.0
112.0,118.6875,139.0,0,9,9,0.28125,0.0,0.28125,0.005113636363636364,0.0,0.005113636363636364,31,96.875,0,0,0.0,0.0,0.0,0.0,0.0,0.0,32,100.0
112.0,119.75,135.0,0,9,9,0.28125,0.0,0.28125,0.005113636363636364,0.0,0.005113636363636364,31,96.875,0,0,0.0,0.0,0.0,0.0,0.0,0.0,32,100.0
112.0,119.34375,134.0,0,9,9,0.28125,0.0,0.28125,0.005113636363636364,0.0,0.005113636363636364,31,96.875,0,0,0.0,0.0,0.0,0.0,0.0,0.0,32,100.0
112.0,118.65625,129.0,0,9,9,0.28125,0.0,0.28125,0.005113636363636364,0.0,0.005113636363636364,31,96.875,0,0,0.0,0.0,0.0,0.0,0.0,0.0,32,100.0
112.0,118.84375,136.0,0,9,9,0.28125,0.0,0.28125,0.005113636363636364,0.0,0.005113636363636364,31,96.875,0,0,0.0,0.0,0.0,0.0,0.0,0.0,32,100.0
112.0,117.125,138.0,0,9,9,0.28125,0.0,0.28125,0.005113636363636364,0.0,0.005113636363636364,31,96.875,0,0,0.0,0.0,0.0,0.0,0.0,0.0,32,100.0
112.0,117.1875,132.0,0,9,9,0.28125,0.0,0.28125,0.005113636363636364,0.0,0.005113636363636364,31,96.875,0,0,0.0,0.0,0.0,0.0,0.0,0.0,32,100.0
112.0,117.15625,129.0,0,9,9,0.28125,0.0,0.28125,0.005113636363636364,0.0,0.005113636363636364,31,96.875,0,0,0.0,0.0,0.0,0.0,0.0,0.0,32,100.0
112.0,120.0625,138.0,0,9,9,0.28125,0.0,0.28125,0.005113636363636364,0.0,0.005113636363636364,31,96.875,0,0,0.0,0.0,0.0,0.0,0.0,0.0,32,100.0
112.0,117.4375,126.0,0,9,9,0.28125,0.0,0.28125,0.005113636363636364,0.0,0.005113636363636364,31,96.875,0,0,0.0,0.0,0.0,0.0,0.0,0.0,32,100.0
112.0,117.84375,127.0,0,9,9,0.28125,0.0,0.28125,0.005113636363636364,0.0,0.005113636363636364,31,96.875,0,0,0.0,0.0,0.0,0.0,0.0,0.0,32,100.0
112.0,118.84375,130.0,0,9,9,0.28125,0.0,0.28125,0.005113636363636364,0.0,0.005113636363636364,31,96.875,0,0,0.0,0.0,0.0,0.0,0.0,0.0,32,100.0
112.0,117.15625,130.0,0,9,9,0.28125,0.0,0.28125,0.005113636363636364,0.0,0.005113636363636364,31,96.875,0,0,0.0,0.0,0.0,0.0,0.0,0.0,32,100.0
112.0,118.59375,132.0,0,9,9,0.28125,0.0,0.28125,0.005113636363636364,0.0,0.005113636363636364,31,96.875,0,0,0.0,0.0,0.0,0.0,0.0,0.0,32,100.0
112.0,117.65625,131.0,0,9,9,0.28125,0.0,0.28125,0.005113636363636364,0.0,0.005113636363636364,31,96.875,0,0,0.0,0.0,0.0,0.0,0.0,0.0,32,100.0
112.0,115.96875,130.0,0,9,9,0.28125,0.0,0.28125,0.005113636363636364,0.0,0.005113636363636364,31,96.875,0,0,0.0,0.0,0.0,0.0,0.0,0.0,32,100.0
112.0,117.3125,133.0,0,9,9,0.28125,0.0,0.28125,0.005113636363636364,0.0,0.005113636363636364,31,96.875,0,0,0.0,0.0,0.0,0.0,0.0,0.0,32,100.0
112.0,116.1875,128.0,0,9,9,0.28125,0.0,0.28125,0.005113636363636364,0.0,0.005113636363636364,31,96.875,0,0,0.0,0.0,0.0,0.0,0.0,0.0,32,100.0
112.0,117.9375,130.0,0,9,9,0.28125,0.0,0.28125,0.005113636363636364,0.0,0.005113636363636364,31,96.875,0,0,0.0,0.0,0.0,0.0,0.0,0.0,32,100.0
112.0,117.75,129.0,0,9,9,0.28125,0.0,0.28125,0.005113636363636364,0.0,0.005113636363636364,31,96.875,0,0,0.0,0.0,0.0,0.0,0.0,0.0,32,100.0
112.0,117.3125,125.0,0,9,9,0.28125,0.0,0.28125,0.005113636363636364,0.0,0.005113636363636364,31,96.875,0,0,0.0,0.0,0.0,0.0,0.0,0.0,32,100.0
112.0,118.25,129.0,0,9,9,0.28125,0.0,0.28125,0.005113636363636364,0.0,0.005113636363636364,31,96.875,0,0,0.0,0.0,0.0,0.0,0.0,0.0,32,100.0
112.0,117.40625,133.0,0,9,9,0.28125,0.0,0.28125,0.005113636363636364,0.0,0.005113636363636364,31,96.875,0,0,0.0,0.0,0.0,0.0,0.0,0.0,32,100.0
112.0,115.625,122.0,0,9,9,0.28125,0.0,0.28125,0.005113636363636364,0.0,0.005113636363636364,31,96.875,0,0,0.0,0.0,0.0,0.0,0.0,0.0,32,100.0
112.0,118.6875,128.0,0,9,9,0.28125,0.0,0.28125,0.005113636363636364,0.0,0.005113636363636364,31,96.875,0,0,0.0,0.0,0.0,0.0,0.0,0.0,32,100.0
112.0,117.84375,128.0,0,9,9,0.28125,0.0,0.28125,0.005113636363636364,0.0,0.005113636363636364,31,96.875,0,0,0.0,0.0,0.0,0.0,0.0,0.0,32,100.0
112.0,118.46875,137.0,0,9,9,0.28125,0.0,0.28125,0.005113636363636364,0.0,0.005113636363636364,31,96.875,0,0,0.0,0.0,0.0,0.0,0.0,0.0,32,100.0
112.0,116.8125,127.0,0,9,9,0.28125,0.0,0.28125,0.005113636363636364,0.0,0.005113636363636364,31,96.875,0,0,0.0,0.0,0.0,0.0,0.0,0.0,32,100.0
112.0,117.71875,132.0,0,9,9,0.28125,0.0,0.28125,0.005113636363636364,0.0,0.005113636363636364,31,96.875,0,0,0.0,0.0,0.0,0.0,0.0,0.0,32,100.0
112.0,117.5,129.0,0,9,9,0.28125,0.0,0.28125,0.005113636363636364,0.0,0.005113636363636364,31,96.875,0,0,0.0,0.0,0.0,0.0,0.0,0.0,32,100.0
112.0,116.84375,126.0,0,9,9,0.28125,0.0,0.28125,0.005113636363636364,0.0,0.005113636363636364,31,96.875,0,0,0.0,0.0,0.0,0.0,0.0,0.0,32,100.0
112.0,118.8125,131.0,0,9,9,0.28125,0.0,0.28125,0.005113636363636364,0.0,0.005113636363636364,31,96.875,0,0,0.0,0.0,0.0,0.0,0.0,0.0,32,100.0
112.0,118.0,128.0,0,9,9,0.28125,0.0,0.28125,0.005113636363636364,0.0,0.005113636363636364,31,96.875,0,0,0.0,0.0,0.0,0.0,0.0,0.0,32,100.0
112.0,118.84375,133.0,0,9,9,0.28125,0.0,0.28125,0.005113636363636364,0.0,0.005113636363636364,31,96.875,0,0,0.0,0.0,0.0,0.0,0.0,0.0,32,100.0
112.0,119.1875,129.0,0,9,9,0.28125,0.0,0.28125,0.005113636363636364,0.0,0.005113636363636364,31,96.875,0,0,0.0,0.0,0.0,0.0,0.0,0.0,32,100.0
112.0,117.34375,130.0,0,9,9,0.28125,0.0,0.28125,0.005113636363636364,0.0,0.005113636363636364,31,96.875,0,0,0.0,0.0,0.0,0.0,0.0,0.0,32,100.0
112.0,116.0,126.0,0,9,9,0.28125,0.0,0.28125,0.005113636363636364,0.0,0.005113636363636364,31,96.875,0,0,0.0,0.0,0.0,0.0,0.0,0.0,32,100.0
112.0,118.0,130.0,0,9,9,0.28125,0.0,0.28125,0.005113636363636364,0.0,0.005113636363636364,31,96.875,0,0,0.0,0.0,0.0,0.0,0.0,0.0,32,100.0
112.0,118.625,134.0,0,9,9,0.28125,0.0,0.28125,0.005113636363636364,0.0,0.005113636363636364,31,96.875,0,0,0.0,0.0,0.0,0.0,0.0,0.0,32,100.0
112.0,116.59375,124.0,0,9,9,0.28125,0.0,0.28125,0.005113636363636364,0.0,0.005113636363636364,31,96.875,0,0,0.0,0.0,0.0,0.0,0.0,0.0,32,100.0
112.0,118.8125,132.0,0,9,9,0.28125,0.0,0.28125,0.005113636363636364,0.0,0.005113636363636364,31,96.875,0,0,0.0,0.0,0.0,0.0,0.0,0.0,32,100.0
112.0,118.0625,126.0,0,9,9,0.28125,0.0,0.28125,0.005113636363636364,0.0,0.005113636363636364,31,96.875,0,0,0.0,0.0,0.0,0.0,0.0,0.0,32,100.0
112.0,117.34375,132.0,0,9,9,0.28125,0.0,0.28125,0.005113636363636364,0.0,0.005113636363636364,31,96.875,0,0,0.0,0.0,0.0,0.0,0.0,0.0,32,100.0
112.0,117.90625,133.0,0,9,9,0.28125,0.0,0.28125,0.005113636363636364,0.0,0.005113636363636364,31,96.875,0,0,0.0,0.0,0.0,0.0,0.0,0.0,32,100.0
112.0,118.84375,134.0,0,9,9,0.28125,0.0,0.28125,0.005113636363636364,0.0,0.005113636363636364,31,96.875,0,0,0.0,0.0,0.0,0.0,0.0,0.0,32,100.0
112.0,117.96875,126.0,0,9,9,0.28125,0.0,0.28125,0.005113636363636364,0.0,0.005113636363636364,31,96.875,0,0,0.0,0.0,0.0,0.0,0.0,0.0,32,100.0
112.0,118.0625,130.0,0,9,9,0.28125,0.0,0.28125,0.005113636363636364,0.0,0.005113636363636364,31,96.875,0,0,0.0,0.0,0.0,0.0,0.0,0.0,32,100.0
112.0,120.46875,141.0,0,9,9,0.28125,0.0,0.28125,0.005113636363636364,0.0,0.005113636363636364,31,96.875,0,0,0.0,0.0,0.0,0.0,0.0,0.0,32,100.0
112.0,118.0,129.0,0,9,9,0.28125,0.0,0.28125,0.005113636363636364,0.0,0.005113636363636364,31,96.875,0,0,0.0,0.0,0.0,0.0,0.0,0.0,32,100.0
112.0,116.5,126.0,0,9,9,0.28125,0.0,0.28125,0.005113636363636364,0.0,0.005113636363636364,31,96.875,0,0,0.0,0.0,0.0,0.0,0.0,0.0,32,100.0
112.0,118.40625,128.0,0,9,9,0.28125,0.0,0.28125,0.005113636363636364,0.0,0.005113636363636364,31,96.875,0,0,0.0,0.0,0.0,0.0,0.0,0.0,32,100.0
112.0,119.4375,140.0,0,9,9,0.28125,0.0,0.28125,0.005113636363636364,0.0,0.005113636363636364,31,96.875,0,0,0.0,0.0,0.0,0.0,0.0,0.0,32,100.0
112.0,118.0,130.0,0,9,9,0.28125,0.0,0.28125,0.005113636363636364,0.0,0.005113636363636364,31,96.875,0,0,0.0,0.0,0.0,0.0,0.0,0.0,32,100.0
112.0,118.375,133.0,0,9,9,0.28125,0.0,0.28125,0.005113636363636364,0.0,0.005113636363636364,31,96.875,0,0,0.0,0.0,0.0,0.0,0.0,0.0,32,100.0
112.0,118.78125,133.0,0,9,9,0.28125,0.0,0.28125,0.005113636363636364,0.0,0.005113636363636364,31,96.875,0,0,0.0,0.0,0.0,0.0,0.0,0.0,32,100.0
112.0,117.84375,129.0,0,9,9,0.28125,0.0,0.28125,0.005113636363636364,0.0,0.005113636363636364,31,96.875,0,0,0.0,0.0,0.0,0.0,0.0,0.0,32,100.0
112.0,117.84375,131.0,0,9,9,0.28125,0.0,0.28125,0.005113636363636364,0.0,0.005113636363636364,31,96.875,0,0,0.0,0.0,0.0,0.0,0.0,0.0,32,100.0
112.0,119.1875,131.0,0,9,9,0.28125,0.0,0.28125,0.005113636363636364,0.0,0.005113636363636364,31,96.875,0,0,0.0,0.0,0.0,0.0,0.0,0.0,32,100.0
112.0,116.5,126.0,0,9,9,0.28125,0.0,0.28125,0.005113636363636364,0.0,0.005113636363636364,31,96.875,0,0,0.0,0.0,0.0,0.0,0.0,0.0,32,100.0
112.0,118.59375,131.0,0,9,9,0.28125,0.0,0.28125,0.005113636363636364,0.0,0.005113636363636364,31,96.875,0,0,0.0,0.0,0.0,0.0,0.0,0.0,32,100.0
112.0,117.03125,128.0,0,9,9,0.28125,0.0,0.28125,0.005113636363636364,0.0,0.005113636363636364,31,96.875,0,0,0.0,0.0,0.0,0.0,0.0,0.0,32,100.0
112.0,118.3125,133.0,0,9,9,0.28125,0.0,0.28125,0.005113636363636364,0.0,0.005113636363636364,31,96.875,0,0,0.0,0.0,0.0,0.0,0.0,0.0,32,100.0
112.0,118.53125,133.0,0,9,9,0.28125,0.0,0.28125,0.005113636363636364,0.0,0.005113636363636364,31,96.875,0,0,0.0,0.0,0.0,0.0,0.0,0.0,32,100.0
112.0,116.78125,132.0,0,9,9,0.28125,0.0,0.28125,0.005113636363636364,0.0,0.005113636363636364,31,96.875,0,0,0.0,0.0,0.0,0.0,0.0,0.0,32,100.0
112.0,117.0625,126.0,0,9,9,0.28125,0.0,0.28125,0.005113636363636364,0.0,0.005113636363636364,31,96.875,0,0,0.0,0.0,0.0,0.0,0.0,0.0,32,100.0
112.0,117.5,126.0,0,9,9,0.28125,0.0,0.28125,0.005113636363636364,0.0,0.005113636363636364,31,96.875,0,0,0.0,0.0,0.0,0.0,0.0,0.0,32,100.0
112.0,117.46875,136.0,0,9,9,0.28125,0.0,0.28125,0.005113636363636364,0.0,0.005113636363636364,31,96.875,0,0,0.0,0.0,0.0,0.0,0.0,0.0,32,100.0
112.0,117.71875,134.0,0,9,9,0.28125,0.0,0.28125,0.005113636363636364,0.0,0.005113636363636364,31,96.875,0,0,0.0,0.0,0.0,0.0,0.0,0.0,32,100.0
112.0,117.1875,126.0,0,9,9,0.28125,0.0,0.28125,0.005113636363636364,0.0,0.005113636363636364,31,96.875,0,0,0.0,0.0,0.0,0.0,0.0,0.0,32,100.0
112.0,117.375,135.0,0,9,9,0.28125,0.0,0.28125,0.005113636363636364,0.0,0.005113636363636364,31,96.875,0,0,0.0,0.0,0.0,0.0,0.0,0.0,32,100.0
112.0,117.71875,132.0,0,9,9,0.28125,0.0,0.28125,0.005113636363636364,0.0,0.005113636363636364,31,96.875,0,0,0.0,0.0,0.0,0.0,0.0,0.0,32,100.0
112.0,117.03125,129.0,0,9,9,0.28125,0.0,0.28125,0.005113636363636364,0.0,0.005113636363636364,31,96.875,0,0,0.0,0.0,0.0,0.0,0.0,0.0,32,100.0
112.0,118.625,131.0,0,9,9,0.28125,0.0,0.28125,0.005113636363636364,0.0,0.005113636363636364,31,96.875,0,0,0.0,0.0,0.0,0.0,0.0,0.0,32,100.0
112.0,116.90625,133.0,0,9,9,0.28125,0.0,0.28125,0.005113636363636364,0.0,0.005113636363636364,31,96.875,0,0,0.0,0.0,0.0,0.0,0.0,0.0,32,100.0
112.0,119.75,134.0,0,9,9,0.28125,0.0,0.28125,0.005113636363636364,0.0,0.005113636363636364,31,96.875,0,0,0.0,0.0,0.0,0.0,0.0,0.0,32,100.0
112.0,116.875,127.0,0,9,9,0.28125,0.0,0.28125,0.005113636363636364,0.0,0.005113636363636364,31,96.875,0,0,0.0,0.0,0.0,0.0,0.0,0.0,32,100.0
112.0,119.28125,131.0,0,9,9,0.28125,0.0,0.28125,0.005113636363636364,0.0,0.005113636363636364,31,96.875,0,0,0.0,0.0,0.0,0.0,0.0,0.0,32,100.0
112.0,117.15625,132.0,0,9,9,0.28125,0.0,0.28125,0.005113636363636364,0.0,0.005113636363636364,31,96.875,0,0,0.0,0.0,0.0,0.0,0.0,0.0,32,100.0
112.0,117.59375,124.0,0,9,9,0.28125,0.0,0.28125,0.005113636363636364,0.0,0.005113636363636364,31,96.875,0,0,0.0,0.0,0.0,0.0,0.0,0.0,32,100.0
112.0,117.59375,131.0,0,9,9,0.28125,0.0,0.28125,0.005113636363636364,0.0,0.005113636363636364,31,96.875,0,0,0.0,0.0,0.0,0.0,0.0,0.0,32,100.0
112.0,118.375,133.0,0,9,9,0.28125,0.0,0.28125,0.005113636363636364,0.0,0.005113636363636364,31,96.875,0,0,0.0,0.0,0.0,0.0,0.0,0.0,32,100.0
112.0,117.25,127.0,0,9,9,0.28125,0.0,0.28125,0.005113636363636364,0.0,0.005113636363636364,31,96.875,0,0,0.0,0.0,0.0,0.0,0.0,0.0,32,100.0
112.0,118.5,133.0,0,9,9,0.28125,0.0,0.28125,0.005113636363636364,0.0,0.005113636363636364,31,96.875,0,0,0.0,0.0,0.0,0.0,0.0,0.0,32,100.0
112.0,117.875,132.0,0,9,9,0.28125,0.0,0.28125,0.005113636363636364,0.0,0.005113636363636364,31,96.875,0,0,0.0,0.0,0.0,0.0,0.0,0.0,32,100.0
112.0,117.625,131.0,0,9,9,0.28125,0.0,0.28125,0.005113636363636364,0.0,0.005113636363636364,31,96.875,0,0,0.0,0.0,0.0,0.0,0.0,0.0,32,100.0
112.0,116.78125,133.0,0,9,9,0.28125,0.0,0.28125,0.005113636363636364,0.0,0.005113636363636364,31,96.875,0,0,0.0,0.0,0.0,0.0,0.0,0.0,32,100.0
112.0,117.84375,127.0,0,9,9,0.28125,0.0,0.28125,0.005113636363636364,0.0,0.005113636363636364,31,96.875,0,0,0.0,0.0,0.0,0.0,0.0,0.0,32,100.0
112.0,117.21875,126.0,0,9,9,0.28125,0.0,0.28125,0.005113636363636364,0.0,0.005113636363636364,31,96.875,0,0,0.0,0.0,0.0,0.0,0.0,0.0,32,100.0
112.0,119.625,134.0,0,9,9,0.28125,0.0,0.28125,0.005113636363636364,0.0,0.005113636363636364,31,96.875,0,0,0.0,0.0,0.0,0.0,0.0,0.0,32,100.0
112.0,117.5,133.0,0,9,9,0.28125,0.0,0.28125,0.005113636363636364,0.0,0.005113636363636364,31,96.875,0,0,0.0,0.0,0.0,0.0,0.0,0.0,32,100.0
112.0,118.375,133.0,0,9,9,0.28125,0.0,0.28125,0.005113636363636364,0.0,0.005113636363636364,31,96.875,0,0,0.0,0.0,0.0,0.0,0.0,0.0,32,100.0
112.0,117.4375,125.0,0,9,9,0.28125,0.0,0.28125,0.005113636363636364,0.0,0.005113636363636364,31,96.875,0,0,0.0,0.0,0.0,0.0,0.0,0.0,32,100.0
112.0,119.25,133.0,0,9,9,0.28125,0.0,0.28125,0.005113636363636364,0.0,0.005113636363636364,31,96.875,0,0,0.0,0.0,0.0,0.0,0.0,0.0,32,100.0
112.0,117.375,131.0,0,9,9,0.28125,0.0,0.28125,0.005113636363636364,0.0,0.005113636363636364,31,96.875,0,0,0.0,0.0,0.0,0.0,0.0,0.0,32,100.0
112.0,118.34375,131.0,0,9,9,0.28125,0.0,0.28125,0.005113636363636364,0.0,0.005113636363636364,31,96.875,0,0,0.0,0.0,0.0,0.0,0.0,0.0,32,100.0
112.0,117.625,130.0,0,9,9,0.28125,0.0,0.28125,0.005113636363636364,0.0,0.005113636363636364,31,96.875,0,0,0.0,0.0,0.0,0.0,0.0,0.0,32,100.0
112.0,117.09375,127.0,0,9,9,0.28125,0.0,0.28125,0.005113636363636364,0.0,0.005113636363636364,31,96.875,0,0,0.0,0.0,0.0,0.0,0.0,0.0,32,100.0
112.0,117.25,134.0,0,9,9,0.28125,0.0,0.28125,0.005113636363636364,0.0,0.005113636363636364,31,96.875,0,0,0.0,0.0,0.0,0.0,0.0,0.0,32,100.0
112.0,117.84375,143.0,0,9,9,0.28125,0.0,0.28125,0.005113636363636364,0.0,0.005113636363636364,31,96.875,0,0,0.0,0.0,0.0,0.0,0.0,0.0,32,100.0
112.0,117.375,127.0,0,9,9,0.28125,0.0,0.28125,0.005113636363636364,0.0,0.005113636363636364,31,96.875,0,0,0.0,0.0,0.0,0.0,0.0,0.0,32,100.0
112.0,119.0,144.0,0,9,9,0.28125,0.0,0.28125,0.005113636363636364,0.0,0.005113636363636364,31,96.875,0,0,0.0,0.0,0.0,0.0,0.0,0.0,32,100.0
112.0,117.375,128.0,0,9,9,0.28125,0.0,0.28125,0.005113636363636364,0.0,0.005113636363636364,31,96.875,0,0,0.0,0.0,0.0,0.0,0.0,0.0,32,100.0
112.0,118.125,134.0,0,9,9,0.28125,0.0,0.28125,0.005113636363636364,0.0,0.005113636363636364,31,96.875,0,0,0.0,0.0,0.0,0.0,0.0,0.0,32,100.0
112.0,118.625,130.0,0,9,9,0.28125,0.0,0.28125,0.005113636363636364,0.0,0.005113636363636364,31,96.875,0,0,0.0,0.0,0.0,0.0,0.0,0.0,32,100.0
112.0,116.15625,128.0,0,9,9,0.28125,0.0,0.28125,0.005113636363636364,0.0,0.005113636363636364,31,96.875,0,0,0.0,0.0,0.0,0.0,0.0,0.0,32,100.0
112.0,117.625,131.0,0,9,9,0.28125,0.0,0.28125,0.005113636363636364,0.0,0.005113636363636364,31,96.875,0,0,0.0,0.0,0.0,0.0,0.0,0.0,32,100.0
112.0,118.21875,129.0,0,9,9,0.28125,0.0,0.28125,0.005113636363636364,0.0,0.005113636363636364,31,96.875,0,0,0.0,0.0,0.0,0.0,0.0,0.0,32,100.0
112.0,119.3125,139.0,0,9,9,0.28125,0.0,0.28125,0.005113636363636364,0.0,0.005113636363636364,31,96.875,0,0,0.0,0.0,0.0,0.0,0.0,0.0,32,100.0
112.0,117.84375,132.0,0,9,9,0.28125,0.0,0.28125,0.005113636363636364,0.0,0.005113636363636364,31,96.875,0,0,0.0,0.0,0.0,0.0,0.0,0.0,32,100.0
112.0,118.46875,130.0,0,9,9,0.28125,0.0,0.28125,0.005113636363636364,0.0,0.005113636363636364,31,96.875,0,0,0.0,0.0,0.0,0.0,0.0,0.0,32,100.0
112.0,117.75,128.0,0,9,9,0.28125,0.0,0.28125,0.005113636363636364,0.0,0.005113636363636364,31,96.875,0,0,0.0,0.0,0.0,0.0,0.0,0.0,32,100.0
112.0,117.78125,126.0,0,9,9,0.28125,0.0,0.28125,0.005113636363636364,0.0,0.005113636363636364,31,96.875,0,0,0.0,0.0,0.0,0.0,0.0,0.0,32,100.0
112.0,118.21875,129.0,0,9,9,0.28125,0.0,0.28125,0.005113636363636364,0.0,0.005113636363636364,31,96.875,0,0,0.0,0.0,0.0,0.0,0.0,0.0,32,100.0
112.0,118.84375,135.0,0,9,9,0.28125,0.0,0.28125,0.005113636363636364,0.0,0.005113636363636364,31,96.875,0,0,0.0,0.0,0.0,0.0,0.0,0.0,32,100.0
112.0,118.3125,129.0,0,9,9,0.28125,0.0,0.28125,0.005113636363636364,0.0,0.005113636363636364,31,96.875,0,0,0.0,0.0,0.0,0.0,0.0,0.0,32,100.0
112.0,117.40625,135.0,0,9,9,0.28125,0.0,0.28125,0.005113636363636364,0.0,0.005113636363636364,31,96.875,0,0,0.0,0.0,0.0,0.0,0.0,0.0,32,100.0
112.0,119.46875,138.0,0,9,9,0.28125,0.0,0.28125,0.005113636363636364,0.0,0.005113636363636364,31,96.875,0,0,0.0,0.0,0.0,0.0,0.0,0.0,32,100.0
112.0,117.34375,129.0,0,9,9,0.28125,0.0,0.28125,0.005113636363636364,0.0,0.005113636363636364,31,96.875,0,0,0.0,0.0,0.0,0.0,0.0,0.0,32,100.0
112.0,119.03125,135.0,0,9,9,0.28125,0.0,0.28125,0.005113636363636364,0.0,0.005113636363636364,31,96.875,0,0,0.0,0.0,0.0,0.0,0.0,0.0,32,100.0
112.0,116.8125,127.0,0,9,9,0.28125,0.0,0.28125,0.005113636363636364,0.0,0.005113636363636364,31,96.875,0,0,0.0,0.0,0.0,0.0,0.0,0.0,32,100.0
112.0,117.4375,130.0,0,9,9,0.28125,0.0,0.28125,0.005113636363636364,0.0,0.005113636363636364,31,96.875,0,0,0.0,0.0,0.0,0.0,0.0,0.0,32,100.0
112.0,118.46875,140.0,0,9,9,0.28125,0.0,0.28125,0.005113636363636364,0.0,0.005113636363636364,31,96.875,0,0,0.0,0.0,0.0,0.0,0.0,0.0,32,100.0
112.0,117.375,133.0,0,9,9,0.28125,0.0,0.28125,0.005113636363636364,0.0,0.005113636363636364,31,96.875,0,0,0.0,0.0,0.0,0.0,0.0,0.0,32,100.0
112.0,117.09375,126.0,0,9,9,0.28125,0.0,0.28125,0.005113636363636364,0.0,0.005113636363636364,31,96.875,0,0,0.0,0.0,0.0,0.0,0.0,0.0,32,100.0
112.0,118.34375,132.0,0,9,9,0.28125,0.0,0.28125,0.005113636363636364,0.0,0.005113636363636364,31,96.875,0,0,0.0,0.0,0.0,0.0,0.0,0.0,32,100.0
112.0,118.65625,130.0,0,9,9,0.28125,0.0,0.28125,0.005113636363636364,0.0,0.005113636363636364,31,96.875,0,0,0.0,0.0,0.0,0.0,0.0,0.0,32,100.0
112.0,117.15625,134.0,0,9,9,0.28125,0.0,0.28125,0.005113636363636364,0.0,0.005113636363636364,31,96.875,0,0,0.0,0.0,0.0,0.0,0.0,0.0,32,100.0
112.0,118.875,135.0,0,9,9,0.28125,0.0,0.28125,0.005113636363636364,0.0,0.005113636363636364,31,96.875,0,0,0.0,0.0,0.0,0.0,0.0,0.0,32,100.0
112.0,119.75,128.0,0,9,9,0.28125,0.0,0.28125,0.005113636363636364,0.0,0.005113636363636364,31,96.875,0,0,0.0,0.0,0.0,0.0,0.0,0.0,32,100.0
112.0,118.75,132.0,0,9,9,0.28125,0.0,0.28125,0.005113636363636364,0.0,0.005113636363636364,31,96.875,0,0,0.0,0.0,0.0,0.0,0.0,0.0,32,100.0
112.0,117.125,132.0,0,9,9,0.28125,0.0,0.28125,0.005113636363636364,0.0,0.005113636363636364,31,96.875,0,0,0.0,0.0,0.0,0.0,0.0,0.0,32,100.0
112.0,117.09375,126.0,0,9,9,0.28125,0.0,0.28125,0.005113636363636364,0.0,0.005113636363636364,31,96.875,0,0,0.0,0.0,0.0,0.0,0.0,0.0,32,100.0
112.0,117.3125,128.0,0,9,9,0.28125,0.0,0.28125,0.005113636363636364,0.0,0.005113636363636364,31,96.875,0,0,0.0,0.0,0.0,0.0,0.0,0.0,32,100.0
112.0,117.3125,127.0,0,9,9,0.28125,0.0,0.28125,0.005113636363636364,0.0,0.005113636363636364,31,96.875,0,0,0.0,0.0,0.0,0.0,0.0,0.0,32,100.0
112.0,118.0625,131.0,0,9,9,0.28125,0.0,0.28125,0.005113636363636364,0.0,0.005113636363636364,31,96.875,0,0,0.0,0.0,0.0,0.0,0.0,0.0,32,100.0
112.0,117.34375,127.0,0,9,9,0.28125,0.0,0.28125,0.005113636363636364,0.0,0.005113636363636364,31,96.875,0,0,0.0,0.0,0.0,0.0,0.0,0.0,32,100.0
112.0,117.65625,139.0,0,9,9,0.28125,0.0,0.28125,0.005113636363636364,0.0,0.005113636363636364,31,96.875,0,0,0.0,0.0,0.0,0.0,0.0,0.0,32,100.0
112.0,116.75,136.0,0,9,9,0.28125,0.0,0.28125,0.005113636363636364,0.0,0.005113636363636364,31,96.875,0,0,0.0,0.0,0.0,0.0,0.0,0.0,32,100.0
112.0,118.0,128.0,0,9,9,0.28125,0.0,0.28125,0.005113636363636364,0.0,0.005113636363636364,31,96.875,0,0,0.0,0.0,0.0,0.0,0.0,0.0,32,100.0
112.0,118.09375,129.0,0,9,9,0.28125,0.0,0.28125,0.005113636363636364,0.0,0.005113636363636364,31,96.875,0,0,0.0,0.0,0.0,0.0,0.0,0.0,32,100.0
112.0,119.1875,133.0,0,9,9,0.28125,0.0,0.28125,0.005113636363636364,0.0,0.005113636363636364,31,96.875,0,0,0.0,0.0,0.0,0.0,0.0,0.0,32,100.0
112.0,117.625,135.0,0,9,9,0.28125,0.0,0.28125,0.005113636363636364,0.0,0.005113636363636364,31,96.875,0,0,0.0,0.0,0.0,0.0,0.0,0.0,32,100.0
112.0,118.6875,134.0,0,9,9,0.28125,0.0,0.28125,0.005113636363636364,0.0,0.005113636363636364,31,96.875,0,0,0.0,0.0,0.0,0.0,0.0,0.0,32,100.0
112.0,118.3125,129.0,0,9,9,0.28125,0.0,0.28125,0.005113636363636364,0.0,0.005113636363636364,31,96.875,0,0,0.0,0.0,0.0,0.0,0.0,0.0,32,100.0
112.0,117.6875,134.0,0,9,9,0.28125,0.0,0.28125,0.005113636363636364,0.0,0.005113636363636364,31,96.875,0,0,0.0,0.0,0.0,0.0,0.0,0.0,32,100.0
112.0,116.6875,132.0,0,9,9,0.28125,0.0,0.28125,0.005113636363636364,0.0,0.005113636363636364,31,96.875,0,0,0.0,0.0,0.0,0.0,0.0,0.0,32,100.0
112.0,117.59375,129.0,0,9,9,0.28125,0.0,0.28125,0.005113636363636364,0.0,0.005113636363636364,31,96.875,0,0,0.0,0.0,0.0,0.0,0.0,0.0,32,100.0
112.0,118.84375,141.0,0,9,9,0.28125,0.0,0.28125,0.005113636363636364,0.0,0.005113636363636364,31,96.875,0,0,0.0,0.0,0.0,0.0,0.0,0.0,32,100.0
112.0,117.3125,126.0,0,9,9,0.28125,0.0,0.28125,0.005113636363636364,0.0,0.005113636363636364,31,96.875,0,0,0.0,0.0,0.0,0.0,0.0,0.0,32,100.0
112.0,117.03125,128.0,0,9,9,0.28125,0.0,0.28125,0.005113636363636364,0.0,0.005113636363636364,31,96.875,0,0,0.0,0.0,0.0,0.0,0.0,0.0,32,100.0
112.0,118.71875,126.0,0,9,9,0.28125,0.0,0.28125,0.005113636363636364,0.0,0.005113636363636364,31,96.875,0,0,0.0,0.0,0.0,0.0,0.0,0.0,32,100.0
112.0,116.53125,134.0,0,9,9,0.28125,0.0,0.28125,0.005113636363636364,0.0,0.005113636363636364,31,96.875,0,0,0.0,0.0,0.0,0.0,0.0,0.0,32,100.0
112.0,116.28125,128.0,0,9,9,0.28125,0.0,0.28125,0.005113636363636364,0.0,0.005113636363636364,31,96.875,0,0,0.0,0.0,0.0,0.0,0.0,0.0,32,100.0
112.0,119.4375,138.0,0,9,9,0.28125,0.0,0.28125,0.005113636363636364,0.0,0.005113636363636364,31,96.875,0,0,0.0,0.0,0.0,0.0,0.0,0.0,32,100.0
112.0,117.28125,134.0,0,9,9,0.28125,0.0,0.28125,0.005113636363636364,0.0,0.005113636363636364,31,96.875,0,0,0.0,0.0,0.0,0.0,0.0,0.0,32,100.0
112.0,116.375,134.0,0,9,9,0.28125,0.0,0.28125,0.005113636363636364,0.0,0.005113636363636364,31,96.875,0,0,0.0,0.0,0.0,0.0,0.0,0.0,32,100.0
112.0,116.78125,130.0,0,9,9,0.28125,0.0,0.28125,0.005113636363636364,0.0,0.005113636363636364,31,96.875,0,0,0.0,0.0,0.0,0.0,0.0,0.0,32,100.0
112.0,117.875,129.0,0,9,9,0.28125,0.0,0.28125,0.005113636363636364,0.0,0.005113636363636364,31,96.875,0,0,0.0,0.0,0.0,0.0,0.0,0.0,32,100.0
112.0,116.40625,134.0,0,9,9,0.28125,0.0,0.28125,0.005113636363636364,0.0,0.005113636363636364,31,96.875,0,0,0.0,0.0,0.0,0.0,0.0,0.0,32,100.0
112.0,117.0625,141.0,0,9,9,0.28125,0.0,0.28125,0.005113636363636364,0.0,0.005113636363636364,31,96.875,0,0,0.0,0.0,0.0,0.0,0.0,0.0,32,100.0
112.0,118.0,129.0,0,9,9,0.28125,0.0,0.28125,0.005113636363636364,0.0,0.005113636363636364,31,96.875,0,0,0.0,0.0,0.0,0.0,0.0,0.0,32,100.0
112.0,117.03125,131.0,0,9,9,0.28125,0.0,0.28125,0.005113636363636364,0.0,0.005113636363636364,31,96.875,0,0,0.0,0.0,0.0,0.0,0.0,0.0,32,100.0
112.0,117.0625,126.0,0,9,9,0.28125,0.0,0.28125,0.005113636363636364,0.0,0.005113636363636364,31,96.875,0,0,0.0,0.0,0.0,0.0,0.0,0.0,32,100.0
112.0,117.1875,127.0,0,9,9,0.28125,0.0,0.28125,0.005113636363636364,0.0,0.005113636363636364,31,96.875,0,0,0.0,0.0,0.0,0.0,0.0,0.0,32,100.0
112.0,118.875,129.0,0,9,9,0.28125,0.0,0.28125,0.005113636363636364,0.0,0.005113636363636364,31,96.875,0,0,0.0,0.0,0.0,0.0,0.0,0.0,32,100.0
112.0,117.5625,132.0,0,9,9,0.28125,0.0,0.28125,0.005113636363636364,0.0,0.005113636363636364,31,96.875,0,0,0.0,0.0,0.0,0.0,0.0,0.0,32,100.0
112.0,118.46875,133.0,0,9,9,0.28125,0.0,0.28125,0.005113636363636364,0.0,0.005113636363636364,31,96.875,0,0,0.0,0.0,0.0,0.0,0.0,0.0,32,100.0
112.0,119.125,129.0,0,9,9,0.28125,0.0,0.28125,0.005113636363636364,0.0,0.005113636363636364,31,96.875,0,0,0.0,0.0,0.0,0.0,0.0,0.0,32,100.0
112.0,119.03125,131.0,0,9,9,0.28125,0.0,0.28125,0.005113636363636364,0.0,0.005113636363636364,31,96.875,0,0,0.0,0.0,0.0,0.0,0.0,0.0,32,100.0
112.0,118.46875,132.0,0,9,9,0.28125,0.0,0.28125,0.005113636363636364,0.0,0.005113636363636364,31,96.875,0,0,0.0,0.0,0.0,0.0,0.0,0.0,32,100.0
112.0,118.0625,128.0,0,9,9,0.28125,0.0,0.28125,0.005113636363636364,0.0,0.005113636363636364,31,96.875,0,0,0.0,0.0,0.0,0.0,0.0,0.0,32,100.0
112.0,118.40625,133.0,0,9,9,0.28125,0.0,0.28125,0.005113636363636364,0.0,0.005113636363636364,31,96.875,0,0,0.0,0.0,0.0,0.0,0.0,0.0,32,100.0
112.0,117.875,132.0,0,9,9,0.28125,0.0,0.28125,0.005113636363636364,0.0,0.005113636363636364,31,96.875,0,0,0.0,0.0,0.0,0.0,0.0,0.0,32,100.0
112.0,116.875,126.0,0,9,9,0.28125,0.0,0.28125,0.005113636363636364,0.0,0.005113636363636364,31,96.875,0,0,0.0,0.0,0.0,0.0,0.0,0.0,32,100.0
112.0,117.78125,133.0,0,9,9,0.28125,0.0,0.28125,0.005113636363636364,0.0,0.005113636363636364,31,96.875,0,0,0.0,0.0,0.0,0.0,0.0,0.0,32,100.0
112.0,116.6875,133.0,0,9,9,0.28125,0.0,0.28125,0.005113636363636364,0.0,0.005113636363636364,31,96.875,0,0,0.0,0.0,0.0,0.0,0.0,0.0,32,100.0
112.0,117.5625,128.0,0,9,9,0.28125,0.0,0.28125,0.005113636363636364,0.0,0.005113636363636364,31,96.875,0,0,0.0,0.0,0.0,0.0,0.0,0.0,32,100.0
112.0,117.03125,127.0,0,9,9,0.28125,0.0,0.28125,0.005113636363636364,0.0,0.005113636363636364,31,96.875,0,0,0.0,0.0,0.0,0.0,0.0,0.0,32,100.0
112.0,118.0,135.0,0,9,9,0.28125,0.0,0.28125,0.005113636363636364,0.0,0.005113636363636364,31,96.875,0,0,0.0,0.0,0.0,0.0,0.0,0.0,32,100.0
112.0,116.625,128.0,0,9,9,0.28125,0.0,0.28125,0.005113636363636364,0.0,0.005113636363636364,31,96.875,0,0,0.0,0.0,0.0,0.0,0.0,0.0,32,100.0
112.0,117.59375,125.0,0,9,9,0.28125,0.0,0.28125,0.005113636363636364,0.0,0.005113636363636364,31,96.875,0,0,0.0,0.0,0.0,0.0,0.0,0.0,32,100.0
112.0,116.46875,128.0,0,9,9,0.28125,0.0,0.28125,0.005113636363636364,0.0,0.005113636363636364,31,96.875,0,0,0.0,0.0,0.0,0.0,0.0,0.0,32,100.0
112.0,118.9375,130.0,0,9,9,0.28125,0.0,0.28125,0.005113636363636364,0.0,0.005113636363636364,31,96.875,0,0,0.0,0.0,0.0,0.0,0.0,0.0,32,100.0
112.0,117.1875,128.0,0,9,9,0.28125,0.0,0.28125,0.005113636363636364,0.0,0.005113636363636364,31,96.875,0,0,0.0,0.0,0.0,0.0,0.0,0.0,32,100.0
112.0,119.21875,130.0,0,9,9,0.28125,0.0,0.28125,0.005113636363636364,0.0,0.005113636363636364,31,96.875,0,0,0.0,0.0,0.0,0.0,0.0,0.0,32,100.0
112.0,117.21875,128.0,0,9,9,0.28125,0.0,0.28125,0.005113636363636364,0.0,0.005113636363636364,31,96.875,0,0,0.0,0.0,0.0,0.0,0.0,0.0,32,100.0
112.0,119.21875,139.0,0,9,9,0.28125,0.0,0.28125,0.005113636363636364,0.0,0.005113636363636364,31,96.875,0,0,0.0,0.0,0.0,0.0,0.0,0.0,32,100.0
112.0,117.75,134.0,0,9,9,0.28125,0.0,0.28125,0.005113636363636364,0.0,0.005113636363636364,31,96.875,0,0,0.0,0.0,0.0,0.0,0.0,0.0,32,100.0
112.0,117.0,127.0,0,9,9,0.28125,0.0,0.28125,0.005113636363636364,0.0,0.005113636363636364,31,96.875,0,0,0.0,0.0,0.0,0.0,0.0,0.0,32,100.0
